delta,lam,ell,a,m_det,class,margin
10,35|1|1|1|1|1,6,0,-1,a0,
10,34|2|1|1|1|1,6,0,-1,a0,
10,33|3|1|1|1|1,6,0,-1,a0,
10,33|2|2|1|1|1,6,0,-1,a0,
10,32|4|1|1|1|1,6,0,-1,a0,
10,32|3|2|1|1|1,6,0,-1,a0,
10,32|2|2|2|1|1,6,0,-1,a0,
10,31|5|1|1|1|1,6,0,-1,a0,
10,31|4|2|1|1|1,6,0,-1,a0,
10,31|3|3|1|1|1,6,0,-1,a0,
10,31|3|2|2|1|1,6,0,-1,a0,
10,31|2|2|2|2|1,6,0,-1,a0,
10,30|6|1|1|1|1,6,0,-1,a0,
10,30|5|2|1|1|1,6,0,-1,a0,
10,30|4|3|1|1|1,6,0,-1,a0,
10,30|4|2|2|1|1,6,0,-1,a0,
10,30|3|3|2|1|1,6,0,-1,a0,
10,30|3|2|2|2|1,6,0,-1,a0,
10,30|2|2|2|2|2,6,1,13,silent,12
10,29|7|1|1|1|1,6,0,-1,a0,
10,29|6|2|1|1|1,6,0,-1,a0,
10,29|5|3|1|1|1,6,0,-1,a0,
10,29|5|2|2|1|1,6,0,-1,a0,
10,29|4|4|1|1|1,6,0,-1,a0,
10,29|4|3|2|1|1,6,0,-1,a0,
10,29|4|2|2|2|1,6,1,78,silent,77
10,29|3|3|3|1|1,6,0,-1,a0,
10,29|3|3|2|2|1,6,0,-1,a0,
10,29|3|2|2|2|2,6,1,30,silent,29
10,28|8|1|1|1|1,6,0,-1,a0,
10,28|7|2|1|1|1,6,0,-1,a0,
10,28|6|3|1|1|1,6,0,-1,a0,
10,28|6|2|2|1|1,6,0,-1,a0,
10,28|5|4|1|1|1,6,0,-1,a0,
10,28|5|3|2|1|1,6,1,375,silent,374
10,28|5|2|2|2|1,6,2,169,silent,167
10,28|4|4|2|1|1,6,0,-1,a0,
10,28|4|3|3|1|1,6,0,-1,a0,
10,28|4|3|2|2|1,6,1,260,silent,259
10,28|4|2|2|2|2,6,3,105,silent,102
10,28|3|3|3|2|1,6,0,-1,a0,
10,28|3|3|2|2|2,6,0,-1,a0,
10,27|9|1|1|1|1,6,0,-1,a0,
10,27|8|2|1|1|1,6,0,-1,a0,
10,27|7|3|1|1|1,6,0,-1,a0,
10,27|7|2|2|1|1,6,1,257,silent,256
10,27|6|4|1|1|1,6,0,-1,a0,
10,27|6|3|2|1|1,6,2,726,silent,724
10,27|6|2|2|2|1,6,4,322,silent,318
10,27|5|5|1|1|1,6,1,199,silent,198
10,27|5|4|2|1|1,6,2,701,silent,699
10,27|5|3|3|1|1,6,1,578,silent,577
10,27|5|3|2|2|1,6,4,692,silent,688
10,27|5|2|2|2|2,6,4,197,silent,193
10,27|4|4|3|1|1,6,0,-1,a0,
10,27|4|4|2|2|1,6,3,426,silent,423
10,27|4|3|3|2|1,6,0,-1,a0,
10,27|4|3|2|2|2,6,2,270,silent,268
10,27|3|3|3|3|1,6,0,-1,a0,
10,27|3|3|3|2|2,6,0,-1,a0,
10,26|10|1|1|1|1,6,0,-1,a0,
10,26|9|2|1|1|1,6,0,-1,a0,
10,26|8|3|1|1|1,6,1,486,silent,485
10,26|8|2|2|1|1,6,1,361,silent,360
10,26|7|4|1|1|1,6,1,672,silent,671
10,26|7|3|2|1|1,6,5,1265,silent,1260
10,26|7|2|2|2|1,6,7,533,silent,526
10,26|6|5|1|1|1,6,1,550,silent,549
10,26|6|4|2|1|1,6,5,1607,silent,1602
10,26|6|3|3|1|1,6,3,1230,silent,1227
10,26|6|3|2|2|1,6,9,1466,silent,1457
10,26|6|2|2|2|2,6,9,410,silent,401
10,26|5|5|2|1|1,6,5,873,silent,868
10,26|5|4|3|1|1,6,4,1457,silent,1453
10,26|5|4|2|2|1,6,9,1535,silent,1526
10,26|5|3|3|2|1,6,2,1385,silent,1383
10,26|5|3|2|2|2,6,4,724,silent,720
10,26|4|4|4|1|1,6,0,-1,a0,
10,26|4|4|3|2|1,6,2,1019,silent,1017
10,26|4|4|2|2|2,6,6,539,silent,533
10,26|4|3|3|3|1,6,0,-1,a0,
10,26|4|3|3|2|2,6,0,-1,a0,
10,26|3|3|3|3|2,6,0,-1,a0,
10,25|11|1|1|1|1,6,0,-1,a0,
10,25|10|2|1|1|1,6,0,-1,a0,
10,25|9|3|1|1|1,6,1,672,silent,671
10,25|9|2|2|1|1,6,3,527,silent,524
10,25|8|4|1|1|1,6,2,1070,silent,1068
10,25|8|3|2|1|1,6,9,1954,silent,1945
10,25|8|2|2|2|1,6,11,812,silent,801
10,25|7|5|1|1|1,6,4,1189,silent,1185
10,25|7|4|2|1|1,6,14,3178,silent,3164
10,25|7|3|3|1|1,6,6,2214,silent,2208
10,25|7|3|2|2|1,6,18,2640,silent,2622
10,25|7|2|2|2|2,6,11,638,silent,627
10,25|6|6|1|1|1,6,0,-1,a0,
10,25|6|5|2|1|1,6,11,2684,silent,2673
10,25|6|4|3|1|1,6,10,3655,silent,3645
10,25|6|4|2|2|1,6,24,3798,silent,3774
10,25|6|3|3|2|1,6,6,3144,silent,3138
10,25|6|3|2|2|2,6,12,1649,silent,1637
10,25|5|5|3|1|1,6,9,2039,silent,2030
10,25|5|5|2|2|1,6,8,1830,silent,1822
10,25|5|4|4|1|1,6,5,1432,silent,1427
10,25|5|4|3|2|1,6,12,4201,silent,4189
10,25|5|4|2|2|2,6,11,1788,silent,1777
10,25|5|3|3|3|1,6,0,-1,a0,
10,25|5|3|3|2|2,6,1,1562,silent,1561
10,25|4|4|4|2|1,6,5,1051,silent,1046
10,25|4|4|3|3|1,6,0,-1,a0,
10,25|4|4|3|2|2,6,4,1301,silent,1297
10,25|4|3|3|3|2,6,0,-1,a0,
10,25|3|3|3|3|3,6,0,-1,a0,
10,24|12|1|1|1|1,6,0,-1,a0,
10,24|11|2|1|1|1,6,0,-1,a0,
10,24|10|3|1|1|1,6,2,854,silent,852
10,24|10|2|2|1|1,6,3,648,silent,645
10,24|9|4|1|1|1,6,4,1578,silent,1574
10,24|9|3|2|1|1,6,15,2798,silent,2783
10,24|9|2|2|2|1,6,16,1134,silent,1118
10,24|8|5|1|1|1,6,8,2057,silent,2049
10,24|8|4|2|1|1,6,24,5256,silent,5232
10,24|8|3|3|1|1,6,14,3604,silent,3590
10,24|8|3|2|2|1,6,30,4262,silent,4232
10,24|8|2|2|2|2,6,19,1033,silent,1014
10,24|7|6|1|1|1,6,4,1467,silent,1463
10,24|7|5|2|1|1,6,30,6058,silent,6028
10,24|7|4|3|1|1,6,26,7481,silent,7455
10,24|7|4|2|2|1,6,46,7522,silent,7476
10,24|7|3|3|2|1,6,15,6026,silent,6011
10,24|7|3|2|2|2,6,20,3028,silent,3008
10,24|6|6|2|1|1,6,7,2549,silent,2542
10,24|6|5|3|1|1,6,24,6912,silent,6888
10,24|6|5|2|2|1,6,33,6379,silent,6346
10,24|6|4|4|1|1,6,12,3974,silent,3962
10,24|6|4|3|2|1,6,34,11140,silent,11106
10,24|6|4|2|2|2,6,32,4689,silent,4657
10,24|6|3|3|3|1,6,1,3376,silent,3375
10,24|6|3|3|2|2,6,4,3729,silent,3725
10,24|5|5|4|1|1,6,13,2875,silent,2862
10,24|5|5|3|2|1,6,16,5970,silent,5954
10,24|5|5|2|2|2,6,5,2071,silent,2066
10,24|5|4|4|2|1,6,19,5000,silent,4981
10,24|5|4|3|3|1,6,5,4797,silent,4792
10,24|5|4|3|2|2,6,12,5398,silent,5386
10,24|5|3|3|3|2,6,0,-1,a0,
10,24|4|4|4|3|1,6,3,1459,silent,1456
10,24|4|4|4|2|2,6,10,1606,silent,1596
10,24|4|4|3|3|2,6,0,-1,a0,
10,24|4|3|3|3|3,6,0,-1,a0,
10,23|13|1|1|1|1,6,0,-1,a0,
10,23|12|2|1|1|1,6,0,-1,a0,
10,23|11|3|1|1|1,6,2,1009,silent,1007
10,23|11|2|2|1|1,6,6,801,silent,795
10,23|10|4|1|1|1,6,6,2083,silent,2077
10,23|10|3|2|1|1,6,21,3640,silent,3619
10,23|10|2|2|2|1,6,21,1463,silent,1442
10,23|9|5|1|1|1,6,13,3203,silent,3190
10,23|9|4|2|1|1,6,43,7986,silent,7943
10,23|9|3|3|1|1,6,19,5235,silent,5216
10,23|9|3|2|2|1,6,47,6210,silent,6163
10,23|9|2|2|2|2,6,21,1373,silent,1352
10,23|8|6|1|1|1,6,9,2956,silent,2947
10,23|8|5|2|1|1,6,55,10978,silent,10923
10,23|8|4|3|1|1,6,49,13002,silent,12953
10,23|8|4|2|2|1,6,81,12958,silent,12877
10,23|8|3|3|2|1,6,30,10123,silent,10093
10,23|8|3|2|2|2,6,35,5046,silent,5011
10,23|7|7|1|1|1,6,7,1345,silent,1338
10,23|7|6|2|1|1,6,37,8210,silent,8173
10,23|7|5|3|1|1,6,61,16288,silent,16227
10,23|7|5|2|2|1,6,73,14720,silent,14647
10,23|7|4|4|1|1,6,35,8908,silent,8873
10,23|7|4|3|2|1,6,75,23428,silent,23353
10,23|7|4|2|2|2,6,51,9266,silent,9215
10,23|7|3|3|3|1,6,4,6723,silent,6719
10,23|7|3|3|2|2,6,13,7518,silent,7505
10,23|6|6|3|1|1,6,19,7332,silent,7313
10,23|6|6|2|2|1,6,35,6799,silent,6764
10,23|6|5|4|1|1,6,36,10671,silent,10635
10,23|6|5|3|2|1,6,63,21904,silent,21841
10,23|6|5|2|2|2,6,35,7883,silent,7848
10,23|6|4|4|2|1,6,53,14612,silent,14559
10,23|6|4|3|3|1,6,15,13391,silent,13376
10,23|6|4|3|2|2,6,37,14917,silent,14880
10,23|6|3|3|3|2,6,0,-1,a0,
10,23|5|5|5|1|1,6,9,2271,silent,2262
10,23|5|5|4|2|1,6,25,9732,silent,9707
10,23|5|5|3|3|1,6,12,7648,silent,7636
10,23|5|5|3|2|2,6,11,7829,silent,7818
10,23|5|4|4|3|1,6,19,7738,silent,7719
10,23|5|4|4|2|2,6,22,7209,silent,7187
10,23|5|4|3|3|2,6,4,8286,silent,8282
10,23|5|3|3|3|3,6,0,-1,a0,
10,23|4|4|4|4|1,6,7,1068,silent,1061
10,23|4|4|4|3|2,6,6,2793,silent,2787
10,23|4|4|3|3|3,6,0,-1,a0,
10,22|14|1|1|1|1,6,0,-1,a0,
10,22|13|2|1|1|1,6,0,-1,a0,
10,22|12|3|1|1|1,6,4,1098,silent,1094
10,22|12|2|2|1|1,6,5,840,silent,835
10,22|11|4|1|1|1,6,9,2532,silent,2523
10,22|11|3|2|1|1,6,28,4365,silent,4337
10,22|11|2|2|2|1,6,25,1727,silent,1702
10,22|10|5|1|1|1,6,19,4360,silent,4341
10,22|10|4|2|1|1,6,58,10666,silent,10608
10,22|10|3|3|1|1,6,32,6981,silent,6949
10,22|10|3|2|2|1,6,63,8220,silent,8157
10,22|10|2|2|2|2,6,31,1840,silent,1809
10,22|9|6|1|1|1,6,20,5019,silent,4999
10,22|9|5|2|1|1,6,93,17411,silent,17318
10,22|9|4|3|1|1,6,82,20021,silent,19939
10,22|9|4|2|2|1,6,122,19663,silent,19541
10,22|9|3|3|2|1,6,49,15173,silent,15124
10,22|9|3|2|2|2,6,49,7402,silent,7353
10,22|8|7|1|1|1,6,17,3530,silent,3513
10,22|8|6|2|1|1,6,74,17058,silent,16984
10,22|8|5|3|1|1,6,120,30687,silent,30567
10,22|8|5|2|2|1,6,138,27659,silent,27521
10,22|8|4|4|1|1,6,57,16167,silent,16110
10,22|8|4|3|2|1,6,140,41834,silent,41694
10,22|8|4|2|2|2,6,93,16417,silent,16324
10,22|8|3|3|3|1,6,12,11601,silent,11589
10,22|8|3|3|2|2,6,23,12903,silent,12880
10,22|7|7|2|1|1,6,40,7596,silent,7556
10,22|7|6|3|1|1,6,81,24050,silent,23969
10,22|7|6|2|2|1,6,97,21278,silent,21181
10,22|7|5|4|1|1,6,96,26864,silent,26768
10,22|7|5|3|2|1,6,153,53179,silent,53026
10,22|7|5|2|2|2,6,68,18456,silent,18388
10,22|7|4|4|2|1,6,109,32673,silent,32564
10,22|7|4|3|3|1,6,43,29449,silent,29406
10,22|7|4|3|2|2,6,75,32045,silent,31970
10,22|7|3|3|3|2,6,3,11435,silent,11432
10,22|6|6|4|1|1,6,32,13083,silent,13051
10,22|6|6|3|2|1,6,70,25160,silent,25090
10,22|6|6|2|2|2,6,47,9026,silent,8979
10,22|6|5|5|1|1,6,29,9701,silent,9672
10,22|6|5|4|2|1,6,105,39173,silent,39068
10,22|6|5|3|3|1,6,41,28998,silent,28957
10,22|6|5|3|2|2,6,57,30235,silent,30178
10,22|6|4|4|3|1,6,50,23755,silent,23705
10,22|6|4|4|2|2,6,66,21814,silent,21748
10,22|6|4|3|3|2,6,14,23891,silent,23877
10,22|6|3|3|3|3,6,0,-1,a0,
10,22|5|5|5|2|1,6,13,8077,silent,8064
10,22|5|5|4|3|1,6,31,16790,silent,16759
10,22|5|5|4|2|2,6,17,13898,silent,13881
10,22|5|5|3|3|2,6,12,13792,silent,13780
10,22|5|4|4|4|1,6,19,5821,silent,5802
10,22|5|4|4|3|2,6,22,14783,silent,14761
10,22|5|4|3|3|3,6,0,-1,a0,
10,22|4|4|4|4|2,6,13,2383,silent,2370
10,22|4|4|4|3|3,6,0,-1,a0,
10,21|15|1|1|1|1,6,0,-1,a0,
10,21|14|2|1|1|1,6,0,-1,a0,
10,21|13|3|1|1|1,6,3,1104,silent,1101
10,21|13|2|2|1|1,6,8,884,silent,876
10,21|12|4|1|1|1,6,11,2781,silent,2770
10,21|12|3|2|1|1,6,32,4759,silent,4727
10,21|12|2|2|2|1,6,28,1876,silent,1848
10,21|11|5|1|1|1,6,26,5397,silent,5371
10,21|11|4|2|1|1,6,80,13107,silent,13027
10,21|11|3|3|1|1,6,37,8339,silent,8302
10,21|11|3|2|2|1,6,79,9850,silent,9771
10,21|11|2|2|2|2,6,30,2065,silent,2035
10,21|10|6|1|1|1,6,29,7158,silent,7129
10,21|10|5|2|1|1,6,129,24080,silent,23951
10,21|10|4|3|1|1,6,116,27281,silent,27165
10,21|10|4|2|2|1,6,167,26658,silent,26491
10,21|10|3|3|2|1,6,71,20363,silent,20292
10,21|10|3|2|2|2,6,67,9867,silent,9800
10,21|9|7|1|1|1,6,32,6731,silent,6699
10,21|9|6|2|1|1,6,139,29242,silent,29103
10,21|9|5|3|1|1,6,193,49393,silent,49200
10,21|9|5|2|2|1,6,216,44106,silent,43890
10,21|9|4|4|1|1,6,104,25848,silent,25744
10,21|9|4|3|2|1,6,221,64983,silent,64762
10,21|9|4|2|2|2,6,123,24716,silent,24593
10,21|9|3|3|3|1,6,20,17638,silent,17618
10,21|9|3|3|2|2,6,44,19751,silent,19707
10,21|8|8|1|1|1,6,9,2605,silent,2596
10,21|8|7|2|1|1,6,96,20871,silent,20775
10,21|8|6|3|1|1,6,174,51594,silent,51420
10,21|8|6|2|2|1,6,201,45376,silent,45175
10,21|8|5|4|1|1,6,178,52523,silent,52345
10,21|8|5|3|2|1,6,297,102530,silent,102233
10,21|8|5|2|2|2,6,135,35389,silent,35254
10,21|8|4|4|2|1,6,195,60664,silent,60469
10,21|8|4|3|3|1,6,84,53796,silent,53712
10,21|8|4|3|2|2,6,137,58117,silent,57980
10,21|8|3|3|3|2,6,7,20063,silent,20056
10,21|7|7|3|1|1,6,84,23042,silent,22958
10,21|7|7|2|2|1,6,73,19411,silent,19338
10,21|7|6|4|1|1,6,137,45422,silent,45285
10,21|7|6|3|2|1,6,220,82660,silent,82440
10,21|7|6|2|2|2,6,95,27670,silent,27575
10,21|7|5|5|1|1,6,73,25975,silent,25902
10,21|7|5|4|2|1,6,251,100329,silent,100078
10,21|7|5|3|3|1,6,112,72721,silent,72609
10,21|7|5|3|2|2,6,137,74877,silent,74740
10,21|7|4|4|3|1,6,115,55259,silent,55144
10,21|7|4|4|2|2,6,113,48799,silent,48686
10,21|7|4|3|3|2,6,44,53836,silent,53792
10,21|7|3|3|3|3,6,0,-1,a0,
10,21|6|6|5|1|1,6,34,15891,silent,15857
10,21|6|6|4|2|1,6,128,51518,silent,51390
10,21|6|6|3|3|1,6,44,34730,silent,34686
10,21|6|6|3|2|2,6,78,36427,silent,36349
10,21|6|5|5|2|1,6,67,37170,silent,37103
10,21|6|5|4|3|1,6,115,69772,silent,69657
10,21|6|5|4|2|2,6,102,58721,silent,58619
10,21|6|5|3|3|2,6,40,53827,silent,53787
10,21|6|4|4|4|1,6,52,18988,silent,18936
10,21|6|4|4|3|2,6,64,46638,silent,46574
10,21|6|4|3|3|3,6,1,18805,silent,18804
10,21|5|5|5|3|1,6,20,16013,silent,15993
10,21|5|5|5|2|2,6,6,11943,silent,11937
10,21|5|5|4|4|1,6,22,14060,silent,14038
10,21|5|5|4|3|2,6,31,32703,silent,32672
10,21|5|5|3|3|3,6,5,11277,silent,11272
10,21|5|4|4|4|2,6,27,12710,silent,12683
10,21|5|4|4|3|3,6,7,12431,silent,12424
10,21|4|4|4|4|3,6,7,2452,silent,2445
10,20|16|1|1|1|1,6,0,-1,a0,
10,20|15|2|1|1|1,6,0,-1,a0,
10,20|14|3|1|1|1,6,4,1011,silent,1007
10,20|14|2|2|1|1,6,5,773,silent,768
10,20|13|4|1|1|1,6,12,2793,silent,2781
10,20|13|3|2|1|1,6,34,4744,silent,4710
10,20|13|2|2|2|1,6,28,1851,silent,1823
10,20|12|5|1|1|1,6,30,5927,silent,5897
10,20|12|4|2|1|1,6,86,14235,silent,14149
10,20|12|3|3|1|1,6,48,9120,silent,9072
10,20|12|3|2|2|1,6,86,10691,silent,10605
10,20|12|2|2|2|2,6,38,2298,silent,2260
10,20|11|6|1|1|1,6,41,9047,silent,9006
10,20|11|5|2|1|1,6,165,29685,silent,29520
10,20|11|4|3|1|1,6,149,33233,silent,33084
10,20|11|4|2|2|1,6,202,32213,silent,32011
10,20|11|3|3|2|1,6,91,24487,silent,24396
10,20|11|3|2|2|2,6,77,11705,silent,11628
10,20|10|7|1|1|1,6,47,10075,silent,10028
10,20|10|6|2|1|1,6,192,41780,silent,41588
10,20|10|5|3|1|1,6,274,68805,silent,68531
10,20|10|5|2|2|1,6,298,61287,silent,60989
10,20|10|4|4|1|1,6,132,35478,silent,35346
10,20|10|4|3|2|1,6,305,88708,silent,88403
10,20|10|4|2|2|2,6,174,33675,silent,33501
10,20|10|3|3|3|1,6,34,23763,silent,23729
10,20|10|3|3|2|2,6,56,26425,silent,26369
10,20|9|8|1|1|1,6,29,6753,silent,6724
10,20|9|7|2|1|1,6,183,39730,silent,39547
10,20|9|6|3|1|1,6,304,88569,silent,88265
10,20|9|6|2|2|1,6,322,76854,silent,76532
10,20|9|5|4|1|1,6,290,86157,silent,85867
10,20|9|5|3|2|1,6,474,165728,silent,165254
10,20|9|5|2|2|2,6,195,56261,silent,56066
10,20|9|4|4|2|1,6,295,95982,silent,95687
10,20|9|4|3|3|1,6,142,84518,silent,84376
10,20|9|4|3|2|2,6,207,90371,silent,90164
10,20|9|3|3|3|2,6,18,30825,silent,30807
10,20|8|8|2|1|1,6,61,16046,silent,15985
10,20|8|7|3|1|1,6,219,65057,silent,64838
10,20|8|7|2|2|1,6,207,55361,silent,55154
10,20|8|6|4|1|1,6,278,99911,silent,99633
10,20|8|6|3|2|1,6,465,179334,silent,178869
10,20|8|6|2|2|2,6,205,59685,silent,59480
10,20|8|5|5|1|1,6,149,52866,silent,52717
10,20|8|5|4|2|1,6,479,199087,silent,198608
10,20|8|5|3|3|1,6,220,141915,silent,141695
10,20|8|5|3|2|2,6,263,145712,silent,145449
10,20|8|4|4|3|1,6,197,104149,silent,103952
10,20|8|4|4|2|2,6,211,91451,silent,91240
10,20|8|4|3|3|2,6,81,99068,silent,98987
10,20|8|3|3|3|3,6,1,15758,silent,15757
10,20|7|7|4|1|1,6,142,46410,silent,46268
10,20|7|7|3|2|1,6,188,79279,silent,79091
10,20|7|7|2|2|2,6,54,24979,silent,24925
10,20|7|6|5|1|1,6,137,58201,silent,58064
10,20|7|6|4|2|1,6,387,176265,silent,175878
10,20|7|6|3|3|1,6,168,117471,silent,117303
10,20|7|6|3|2|2,6,208,119688,silent,119480
10,20|7|5|5|2|1,6,179,102038,silent,101859
10,20|7|5|4|3|1,6,288,182996,silent,182708
10,20|7|5|4|2|2,6,227,151620,silent,151393
10,20|7|5|3|3|2,6,116,136956,silent,136840
10,20|7|4|4|4|1,6,99,45204,silent,45105
10,20|7|4|4|3|2,6,132,109160,silent,109028
10,20|7|4|3|3|3,6,10,43174,silent,43164
10,20|6|6|6|1|1,6,15,10224,silent,10209
10,20|6|6|5|2|1,6,118,65536,silent,65418
10,20|6|6|4|3|1,6,135,95316,silent,95181
10,20|6|6|4|2|2,6,149,80146,silent,79997
10,20|6|6|3|3|2,6,45,66290,silent,66245
10,20|6|5|5|3|1,6,86,75205,silent,75119
10,20|6|5|5|2|2,6,52,57145,silent,57093
10,20|6|5|4|4|1,6,96,62157,silent,62061
10,20|6|5|4|3|2,6,131,139512,silent,139381
10,20|6|5|3|3|3,6,13,44669,silent,44656
10,20|6|4|4|4|2,6,78,42280,silent,42202
10,20|6|4|4|3|3,6,18,40347,silent,40329
10,20|5|5|5|4|1,6,15,17999,silent,17984
10,20|5|5|5|3|2,6,20,32390,silent,32370
10,20|5|5|4|4|2,6,23,30995,silent,30972
10,20|5|5|4|3|3,6,20,30048,silent,30028
10,20|5|4|4|4|3,6,18,14432,silent,14414
10,20|4|4|4|4|4,6,10,1494,silent,1484
10,19|17|1|1|1|1,6,0,-1,a0,
10,19|16|2|1|1|1,6,0,-1,a0,
10,19|15|3|1|1|1,6,2,821,silent,819
10,19|15|2|2|1|1,6,7,669,silent,662
10,19|14|4|1|1|1,6,11,2483,silent,2472
10,19|14|3|2|1|1,6,31,4206,silent,4175
10,19|14|2|2|2|1,6,25,1640,silent,1615
10,19|13|5|1|1|1,6,30,5863,silent,5833
10,19|13|4|2|1|1,6,93,14071,silent,13978
10,19|13|3|3|1|1,6,42,8806,silent,8764
10,19|13|3|2|2|1,6,88,10382,silent,10294
10,19|13|2|2|2|2,6,29,2097,silent,2068
10,19|12|6|1|1|1,6,46,9945,silent,9899
10,19|12|5|2|1|1,6,180,32237,silent,32057
10,19|12|4|3|1|1,6,164,35869,silent,35705
10,19|12|4|2|2|1,6,219,34682,silent,34463
10,19|12|3|3|2|1,6,101,26234,silent,26133
10,19|12|3|2|2|2,6,85,12504,silent,12419
10,19|11|7|1|1|1,6,62,12981,silent,12919
10,19|11|6|2|1|1,6,253,52213,silent,51960
10,19|11|5|3|1|1,6,333,83890,silent,83557
10,19|11|5|2|2|1,6,357,74344,silent,73987
10,19|11|4|4|1|1,6,176,43332,silent,43156
10,19|11|4|3|2|1,6,371,106588,silent,106217
10,19|11|4|2|2|2,6,186,39660,silent,39474
10,19|11|3|3|3|1,6,41,28267,silent,28226
10,19|11|3|3|2|2,6,78,31615,silent,31537
10,19|10|8|1|1|1,6,46,11187,silent,11141
10,19|10|7|2|1|1,6,260,59451,silent,59191
10,19|10|6|3|1|1,6,427,126468,silent,126041
10,19|10|6|2|2|1,6,447,109392,silent,108945
10,19|10|5|4|1|1,6,390,120048,silent,119658
10,19|10|5|3|2|1,6,649,229371,silent,228722
10,19|10|5|2|2|2,6,269,77537,silent,77268
10,19|10|4|4|2|1,6,391,131265,silent,130874
10,19|10|4|3|3|1,6,196,114798,silent,114602
10,19|10|4|3|2|2,6,278,122266,silent,121988
10,19|10|3|3|3|2,6,26,41169,silent,41143
10,19|9|9|1|1|1,6,23,4731,silent,4708
10,19|9|8|2|1|1,6,166,40623,silent,40457
10,19|9|7|3|1|1,6,397,123379,silent,122982
10,19|9|7|2|2|1,6,367,103933,silent,103566
10,19|9|6|4|1|1,6,489,172927,silent,172438
10,19|9|6|3|2|1,6,758,304942,silent,304184
10,19|9|6|2|2|2,6,290,99280,silent,98990
10,19|9|5|5|1|1,6,224,87389,silent,87165
10,19|9|5|4|2|1,6,743,324271,silent,323528
10,19|9|5|3|3|1,6,355,229318,silent,228963
10,19|9|5|3|2|2,6,415,234136,silent,233721
10,19|9|4|4|3|1,6,309,165286,silent,164977
10,19|9|4|4|2|2,6,279,142595,silent,142316
10,19|9|4|3|3|2,6,142,155195,silent,155053
10,19|9|3|3|3|3,6,3,23912,silent,23909
10,19|8|8|3|1|1,6,149,51254,silent,51105
10,19|8|8|2|2|1,6,155,43786,silent,43631
10,19|8|7|4|1|1,6,353,133076,silent,132723
10,19|8|7|3|2|1,6,519,226372,silent,225853
10,19|8|7|2|2|2,6,184,72151,silent,71967
10,19|8|6|5|1|1,6,294,131815,silent,131521
10,19|8|6|4|2|1,6,801,388818,silent,388017
10,19|8|6|3|3|1,6,354,255515,silent,255161
10,19|8|6|3|2|2,6,430,259197,silent,258767
10,19|8|5|5|2|1,6,354,208548,silent,208194
10,19|8|5|4|3|1,6,535,364386,silent,363851
10,19|8|5|4|2|2,6,442,300972,silent,300530
10,19|8|5|3|3|2,6,218,267069,silent,266851
10,19|8|4|4|4|1,6,165,86273,silent,86108
10,19|8|4|4|3|2,6,232,205637,silent,205405
10,19|8|4|3|3|3,6,20,79796,silent,79776
10,19|7|7|5|1|1,6,150,65797,silent,65647
10,19|7|7|4|2|1,6,329,178420,silent,178091
10,19|7|7|3|3|1,6,164,115464,silent,115300
10,19|7|7|3|2|2,6,156,114407,silent,114251
10,19|7|6|6|1|1,6,84,42538,silent,42454
10,19|7|6|5|2|1,6,383,237232,silent,236849
10,19|7|6|4|3|1,6,444,331492,silent,331048
10,19|7|6|4|2|2,6,368,270669,silent,270301
10,19|7|6|3|3|2,6,179,224739,silent,224560
10,19|7|5|5|3|1,6,229,208456,silent,208227
10,19|7|5|5|2|2,6,153,158156,silent,158003
10,19|7|5|4|4|1,6,221,166129,silent,165908
10,19|7|5|4|3|2,6,317,366671,silent,366354
10,19|7|5|3|3|3,6,41,114394,silent,114353
10,19|7|4|4|4|2,6,128,100052,silent,99924
10,19|7|4|4|3|3,6,54,96741,silent,96687
10,19|6|6|6|2|1,6,74,44991,silent,44917
10,19|6|6|5|3|1,6,143,135895,silent,135752
10,19|6|6|5|2|2,6,126,104275,silent,104149
10,19|6|6|4|4|1,6,125,90865,silent,90740
10,19|6|6|4|3|2,6,167,194206,silent,194039
10,19|6|6|3|3|3,6,10,55662,silent,55652
10,19|6|5|5|4|1,6,73,88447,silent,88374
10,19|6|5|5|3|2,6,92,154652,silent,154560
10,19|6|5|4|4|2,6,126,139425,silent,139299
10,19|6|5|4|3|3,6,59,128433,silent,128374
10,19|6|4|4|4|3,6,49,48881,silent,48832
10,19|5|5|5|5|1,6,6,10400,silent,10394
10,19|5|5|5|4|2,6,15,40950,silent,40935
10,19|5|5|5|3|3,6,17,31998,silent,31981
10,19|5|5|4|4|3,6,21,37658,silent,37637
10,19|5|4|4|4|4,6,12,8088,silent,8076
10,18|18|1|1|1|1,6,0,-1,a0,
10,18|17|2|1|1|1,6,0,-1,a0,
10,18|16|3|1|1|1,6,3,539,silent,536
10,18|16|2|2|1|1,6,2,400,silent,398
10,18|15|4|1|1|1,6,9,1885,silent,1876
10,18|15|3|2|1|1,6,24,3180,silent,3156
10,18|15|2|2|2|1,6,19,1233,silent,1214
10,18|14|5|1|1|1,6,27,4960,silent,4933
10,18|14|4|2|1|1,6,74,11791,silent,11717
10,18|14|3|3|1|1,6,44,7508,silent,7464
10,18|14|3|2|2|1,6,73,8768,silent,8695
10,18|14|2|2|2|2,6,31,1862,silent,1831
10,18|13|6|1|1|1,6,46,9558,silent,9512
10,18|13|5|2|1|1,6,175,30633,silent,30458
10,18|13|4|3|1|1,6,159,33891,silent,33732
10,18|13|4|2|2|1,6,206,32623,silent,32417
10,18|13|3|3|2|1,6,98,24634,silent,24536
10,18|13|3|2|2|2,6,77,11644,silent,11567
10,18|12|7|1|1|1,6,68,14076,silent,14008
10,18|12|6|2|1|1,6,259,55665,silent,55406
10,18|12|5|3|1|1,6,359,88834,silent,88475
10,18|12|5|2|2|1,6,376,78627,silent,78251
10,18|12|4|4|1|1,6,169,45432,silent,45263
10,18|12|4|3|2|1,6,391,111874,silent,111483
10,18|12|4|2|2|2,6,207,41791,silent,41584
10,18|12|3|3|3|1,6,51,29523,silent,29472
10,18|12|3|3|2|2,6,75,32761,silent,32686
10,18|11|8|1|1|1,6,65,14906,silent,14841
10,18|11|7|2|1|1,6,327,74557,silent,74230
10,18|11|6|3|1|1,6,523,153973,silent,153450
10,18|11|6|2|2|1,6,524,132347,silent,131823
10,18|11|5|4|1|1,6,465,144000,silent,143535
10,18|11|5|3|2|1,6,766,273234,silent,272468
10,18|11|5|2|2|2,6,301,91567,silent,91266
10,18|11|4|4|2|1,6,450,155152,silent,154702
10,18|11|4|3|3|1,6,238,135303,silent,135065
10,18|11|4|3|2|2,6,320,143340,silent,143020
10,18|11|3|3|3|2,6,36,48078,silent,48042
10,18|10|9|1|1|1,6,40,9863,silent,9823
10,18|10|8|2|1|1,6,251,66219,silent,65968
10,18|10|7|3|1|1,6,566,182133,silent,181567
10,18|10|7|2|2|1,6,523,153412,silent,152889
10,18|10|6|4|1|1,6,646,243757,silent,243111
10,18|10|6|3|2|1,6,1033,427672,silent,426639
10,18|10|6|2|2|2,6,407,139024,silent,138617
10,18|10|5|5|1|1,6,311,121083,silent,120772
10,18|10|5|4|2|1,6,984,444269,silent,443285
10,18|10|5|3|3|1,6,480,312140,silent,311660
10,18|10|5|3|2|2,6,544,317944,silent,317400
10,18|10|4|4|3|1,6,388,222450,silent,222062
10,18|10|4|4|2|2,6,382,191807,silent,191425
10,18|10|4|3|3|2,6,184,206707,silent,206523
10,18|10|3|3|3|3,6,8,31486,silent,31478
10,18|9|9|2|1|1,6,113,27517,silent,27404
10,18|9|8|3|1|1,6,364,126786,silent,126422
10,18|9|8|2|2|1,6,337,106179,silent,105842
10,18|9|7|4|1|1,6,638,251084,silent,250446
10,18|9|7|3|2|1,6,912,421612,silent,420700
10,18|9|7|2|2|2,6,296,132501,silent,132205
10,18|9|6|5|1|1,6,491,227726,silent,227235
10,18|9|6|4|2|1,6,1266,658333,silent,657067
10,18|9|6|3|3|1,6,590,430089,silent,429499
10,18|9|6|3|2|2,6,666,432743,silent,432077
10,18|9|5|5|2|1,6,554,341126,silent,340572
10,18|9|5|4|3|1,6,819,587210,silent,586391
10,18|9|5|4|2|2,6,652,481854,silent,481202
10,18|9|5|3|3|2,6,357,425412,silent,425055
10,18|9|4|4|4|1,6,229,135501,silent,135272
10,18|9|4|4|3|2,6,334,320597,silent,320263
10,18|9|4|3|3|3,6,39,123491,silent,123452
10,18|8|8|4|1|1,6,235,106782,silent,106547
10,18|8|8|3|2|1,6,377,179049,silent,178672
10,18|8|8|2|2|2,6,154,57260,silent,57106
10,18|8|7|5|1|1,6,402,192348,silent,191946
10,18|8|7|4|2|1,6,897,512230,silent,511333
10,18|8|7|3|3|1,6,426,325715,silent,325289
10,18|8|7|3|2|2,6,442,324248,silent,323806
10,18|8|6|6|1|1,6,171,100190,silent,100019
10,18|8|6|5|2|1,6,804,532427,silent,531623
10,18|8|6|4|3|1,6,894,725917,silent,725023
10,18|8|6|4|2|2,6,769,590700,silent,589931
10,18|8|6|3|3|2,6,355,482913,silent,482558
10,18|8|5|5|3|1,6,449,422932,silent,422483
10,18|8|5|5|2|2,6,290,319975,silent,319685
10,18|8|5|4|4|1,6,403,331280,silent,330877
10,18|8|5|4|3|2,6,586,722615,silent,722029
10,18|8|5|3|3|3,6,80,221138,silent,221058
10,18|8|4|4|4|2,6,225,189235,silent,189010
10,18|8|4|4|3|3,6,82,180974,silent,180892
10,18|7|7|6|1|1,6,123,63214,silent,63091
10,18|7|7|5|2|1,6,364,264723,silent,264359
10,18|7|7|4|3|1,6,401,339402,silent,339001
10,18|7|7|4|2|2,6,267,270263,silent,269996
10,18|7|7|3|3|2,6,174,219674,silent,219500
10,18|7|6|6|2|1,6,248,178864,silent,178616
10,18|7|6|5|3|1,6,486,493395,silent,492909
10,18|7|6|5|2|2,6,357,371580,silent,371223
10,18|7|6|4|4|1,6,349,316201,silent,315852
10,18|7|6|4|3|2,6,500,667092,silent,666592
10,18|7|6|3|3|3,6,62,188837,silent,188775
10,18|7|5|5|4|1,6,197,247737,silent,247540
10,18|7|5|5|3|2,6,254,426703,silent,426449
10,18|7|5|4|4|2,6,271,369567,silent,369296
10,18|7|5|4|3|3,6,155,337805,silent,337650
10,18|7|4|4|4|3,6,89,117029,silent,116940
10,18|6|6|6|3|1,6,92,97225,silent,97133
10,18|6|6|6|2|2,6,97,73471,silent,73374
10,18|6|6|5|4|1,6,140,168870,silent,168730
10,18|6|6|5|3|2,6,168,282649,silent,282481
10,18|6|6|4|4|2,6,179,205433,silent,205254
10,18|6|6|4|3|3,6,60,179410,silent,179350
10,18|6|5|5|5|1,6,23,52764,silent,52741
10,18|6|5|5|4|2,6,86,202149,silent,202063
10,18|6|5|5|3|3,6,58,151492,silent,151434
10,18|6|5|4|4|3,6,89,168754,silent,168665
10,18|6|4|4|4|4,6,38,27868,silent,27830
10,18|5|5|5|5|2,6,8,24932,silent,24924
10,18|5|5|5|4|3,6,16,52713,silent,52697
10,18|5|5|4|4|4,6,6,21202,silent,21196
10,17|17|3|1|1|1,6,0,-1,a0,
10,17|17|2|2|1|1,6,3,173,silent,170
10,17|16|4|1|1|1,6,5,1015,silent,1010
10,17|16|3|2|1|1,6,13,1713,silent,1700
10,17|16|2|2|2|1,6,10,666,silent,656
10,17|15|5|1|1|1,6,18,3374,silent,3356
10,17|15|4|2|1|1,6,57,8084,silent,8027
10,17|15|3|3|1|1,6,23,4975,silent,4952
10,17|15|3|2|2|1,6,51,5886,silent,5835
10,17|15|2|2|2|2,6,14,1141,silent,1127
10,17|14|6|1|1|1,6,36,7549,silent,7513
10,17|14|5|2|1|1,6,137,24090,silent,23953
10,17|14|4|3|1|1,6,126,26590,silent,26464
10,17|14|4|2|2|1,6,162,25587,silent,25425
10,17|14|3|3|2|1,6,79,19277,silent,19198
10,17|14|3|2|2|2,6,61,9110,silent,9049
10,17|13|7|1|1|1,6,62,12960,silent,12898
10,17|13|6|2|1|1,6,247,50662,silent,50415
10,17|13|5|3|1|1,6,316,79701,silent,79385
10,17|13|5|2|2|1,6,333,70349,silent,70016
10,17|13|4|4|1|1,6,169,41018,silent,40849
10,17|13|4|3|2|1,6,349,99737,silent,99388
10,17|13|4|2|2|2,6,164,36644,silent,36480
10,17|13|3|3|3|1,6,42,26177,silent,26135
10,17|13|3|3|2|2,6,78,29300,silent,29222
10,17|12|8|1|1|1,6,67,15968,silent,15901
10,17|12|7|2|1|1,6,331,77691,silent,77360
10,17|12|6|3|1|1,6,528,157936,silent,157408
10,17|12|6|2|2|1,6,529,135593,silent,135064
10,17|12|5|4|1|1,6,462,146372,silent,145910
10,17|12|5|3|2|1,6,770,276920,silent,276150
10,17|12|5|2|2|2,6,305,92652,silent,92347
10,17|12|4|4|2|1,6,445,156521,silent,156076
10,17|12|4|3|3|1,6,240,136068,silent,135828
10,17|12|4|3|2|2,6,320,143914,silent,143594
10,17|12|3|3|3|2,6,37,47989,silent,47952
10,17|11|9|1|1|1,6,62,14068,silent,14006
10,17|11|8|2|1|1,6,329,84795,silent,84466
10,17|11|7|3|1|1,6,668,220305,silent,219637
10,17|11|7|2|2|1,6,606,184604,silent,183998
10,17|11|6|4|1|1,6,771,288017,silent,287246
10,17|11|6|3|2|1,6,1180,500936,silent,499756
10,17|11|6|2|2|2,6,422,160873,silent,160451
10,17|11|5|5|1|1,6,338,140581,silent,140243
10,17|11|5|4|2|1,6,1099,513114,silent,512015
10,17|11|5|3|3|1,6,547,359355,silent,358808
10,17|11|5|3|2|2,6,620,365078,silent,364458
10,17|11|4|4|3|1,6,442,254602,silent,254160
10,17|11|4|4|2|2,6,383,217210,silent,216827
10,17|11|4|3|3|2,6,223,235383,silent,235160
10,17|11|3|3|3|3,6,5,35255,silent,35250
10,17|10|10|1|1|1,6,18,5376,silent,5358
10,17|10|9|2|1|1,6,204,56674,silent,56470
10,17|10|8|3|1|1,6,548,201694,silent,201146
10,17|10|8|2|2|1,6,511,168747,silent,168236
10,17|10|7|4|1|1,6,861,361842,silent,360981
10,17|10|7|3|2|1,6,1255,604838,silent,603583
10,17|10|7|2|2|2,6,424,189923,silent,189499
10,17|10|6|5|1|1,6,649,315167,silent,314518
10,17|10|6|4|2|1,6,1656,901904,silent,900248
10,17|10|6|3|3|1,6,777,585935,silent,585158
10,17|10|6|3|2|2,6,871,588259,silent,587388
10,17|10|5|5|2|1,6,718,458577,silent,457859
10,17|10|5|4|3|1,6,1042,781903,silent,780861
10,17|10|5|4|2|2,6,841,640375,silent,639534
10,17|10|5|3|3|2,6,455,561643,silent,561188
10,17|10|4|4|4|1,6,280,178016,silent,177736
10,17|10|4|4|3|2,6,417,418835,silent,418418
10,17|10|4|3|3|3,6,53,160128,silent,160075
10,17|9|9|3|1|1,6,228,83798,silent,83570
10,17|9|9|2|2|1,6,187,68701,silent,68514
10,17|9|8|4|1|1,6,578,259741,silent,259163
10,17|9|8|3|2|1,6,829,426984,silent,426155
10,17|9|8|2|2|2,6,272,132797,silent,132525
10,17|9|7|5|1|1,6,689,358624,silent,357935
10,17|9|7|4|2|1,6,1524,938510,silent,936986
10,17|9|7|3|3|1,6,739,593057,silent,592318
10,17|9|7|3|2|2,6,748,586922,silent,586174
10,17|9|6|6|1|1,6,309,174453,silent,174144
10,17|9|6|5|2|1,6,1260,893919,silent,892659
10,17|9|6|4|3|1,6,1403,1202606,silent,1201203
10,17|9|6|4|2|2,6,1107,970007,silent,968900
10,17|9|6|3|3|2,6,592,792037,silent,791445
10,17|9|5|5|3|1,6,673,675735,silent,675062
10,17|9|5|5|2|2,6,468,510832,silent,510364
10,17|9|5|4|4|1,6,579,523415,silent,522836
10,17|9|5|4|3|2,6,864,1134106,silent,1133242
10,17|9|5|3|3|3,6,125,343816,silent,343691
10,17|9|4|4|4|2,6,275,288400,silent,288125
10,17|9|4|4|3|3,6,138,277440,silent,277302
10,17|8|8|5|1|1,6,284,159229,silent,158945
10,17|8|8|4|2|1,6,650,408025,silent,407375
10,17|8|8|3|3|1,6,291,253349,silent,253058
10,17|8|8|3|2|2,6,329,252560,silent,252231
10,17|8|7|6|1|1,6,317,189609,silent,189292
10,17|8|7|5|2|1,6,991,763539,silent,762548
10,17|8|7|4|3|1,6,1025,954497,silent,953472
10,17|8|7|4|2|2,6,781,762509,silent,761728
10,17|8|7|3|3|2,6,421,606322,silent,605901
10,17|8|6|6|2|1,6,526,413186,silent,412660
10,17|8|6|5|3|1,6,997,1087543,silent,1086546
10,17|8|6|5|2|2,6,730,815758,silent,815028
10,17|8|6|4|4|1,6,684,684490,silent,683806
10,17|8|6|4|3|2,6,989,1429401,silent,1428412
10,17|8|6|3|3|3,6,125,398135,silent,398010
10,17|8|5|5|4|1,6,375,497047,silent,496672
10,17|8|5|5|3|2,6,474,847678,silent,847204
10,17|8|5|4|4|2,6,496,721883,silent,721387
10,17|8|5|4|3|3,6,270,652740,silent,652470
10,17|8|4|4|4|3,6,140,217313,silent,217173
10,17|7|7|7|1|1,6,55,33945,silent,33890
10,17|7|7|6|2|1,6,287,257064,silent,256777
10,17|7|7|5|3|1,6,480,550157,silent,549677
10,17|7|7|5|2|2,6,305,406339,silent,406034
10,17|7|7|4|4|1,6,282,325387,silent,325105
10,17|7|7|4|3|2,6,422,671304,silent,670882
10,17|7|7|3|3|3,6,73,183758,silent,183685
10,17|7|6|6|3|1,6,327,384601,silent,384274
10,17|7|6|6|2|2,6,238,281393,silent,281155
10,17|7|6|5|4|1,6,443,609164,silent,608721
10,17|7|6|5|3|2,6,550,1005791,silent,1005241
10,17|7|6|4|4|2,6,434,698809,silent,698375
10,17|7|6|4|3|3,6,231,613397,silent,613166
10,17|7|5|5|5|1,6,72,149129,silent,149057
10,17|7|5|5|4|2,6,241,557832,silent,557591
10,17|7|5|5|3|3,6,140,410906,silent,410766
10,17|7|5|4|4|3,6,197,442935,silent,442738
10,17|7|4|4|4|4,6,50,64988,silent,64938
10,17|6|6|6|4|1,6,107,132711,silent,132604
10,17|6|6|6|3|2,6,121,203739,silent,203618
10,17|6|6|5|5|1,6,49,109147,silent,109098
10,17|6|6|5|4|2,6,186,385771,silent,385585
10,17|6|6|5|3|3,6,76,273599,silent,273523
10,17|6|6|4|4|3,6,115,247941,silent,247826
10,17|6|5|5|5|2,6,27,125407,silent,125380
10,17|6|5|5|4|3,6,72,257004,silent,256932
10,17|6|5|4|4|4,6,47,97195,silent,97148
10,17|5|5|5|5|3,6,8,35169,silent,35161
10,17|5|5|5|4|4,6,4,32564,silent,32560
10,16|16|5|1|1|1,6,7,1174,silent,1167
10,16|16|4|2|1|1,6,15,2742,silent,2727
10,16|16|3|3|1|1,6,14,1817,silent,1803
10,16|16|3|2|2|1,6,16,2079,silent,2063
10,16|16|2|2|2|2,6,11,491,silent,480
10,16|15|6|1|1|1,6,21,4204,silent,4183
10,16|15|5|2|1|1,6,76,13338,silent,13262
10,16|15|4|3|1|1,6,70,14686,silent,14616
10,16|15|4|2|2|1,6,89,14100,silent,14011
10,16|15|3|3|2|1,6,43,10617,silent,10574
10,16|15|3|2|2|2,6,34,5000,silent,4966
10,16|14|7|1|1|1,6,44,9071,silent,9027
10,16|14|6|2|1|1,6,161,35208,silent,35047
10,16|14|5|3|1|1,6,227,55603,silent,55376
10,16|14|5|2|2|1,6,232,49089,silent,48857
10,16|14|4|4|1|1,6,100,28243,silent,28143
10,16|14|4|3|2|1,6,243,69338,silent,69095
10,16|14|4|2|2|2,6,129,25844,silent,25715
10,16|14|3|3|3|1,6,35,18203,silent,18168
10,16|14|3|3|2|2,6,44,20104,silent,20060
10,16|13|8|1|1|1,6,59,13713,silent,13654
10,16|13|7|2|1|1,6,278,65320,silent,65042
10,16|13|6|3|1|1,6,438,131294,silent,130856
10,16|13|6|2|2|1,6,430,112362,silent,111932
10,16|13|5|4|1|1,6,380,120977,silent,120597
10,16|13|5|3|2|1,6,628,228134,silent,227506
10,16|13|5|2|2|2,6,242,75990,silent,75748
10,16|13|4|4|2|1,6,359,128527,silent,128168
10,16|13|4|3|3|1,6,199,111636,silent,111437
10,16|13|4|3|2|2,6,258,117776,silent,117518
10,16|13|3|3|3|2,6,33,39250,silent,39217
10,16|12|9|1|1|1,6,60,14738,silent,14678
10,16|12|8|2|1|1,6,310,84955,silent,84645
10,16|12|7|3|1|1,6,642,215449,silent,214807
10,16|12|7|2|2|1,6,580,180615,silent,180035
10,16|12|6|4|1|1,6,701,277087,silent,276386
10,16|12|6|3|2|1,6,1113,481645,silent,480532
10,16|12|6|2|2|2,6,423,155143,silent,154720
10,16|12|5|5|1|1,6,333,134881,silent,134548
10,16|12|5|4|2|1,6,1029,489244,silent,488215
10,16|12|5|3|3|1,6,518,341651,silent,341133
10,16|12|5|3|2|2,6,570,346658,silent,346088
10,16|12|4|4|3|1,6,394,240836,silent,240442
10,16|12|4|4|2|2,6,384,206246,silent,205862
10,16|12|4|3|3|2,6,200,221574,silent,221374
10,16|12|3|3|3|3,6,11,33213,silent,33202
10,16|11|10|1|1|1,6,38,9700,silent,9662
10,16|11|9|2|1|1,6,273,76026,silent,75753
10,16|11|8|3|1|1,6,652,243968,silent,243316
10,16|11|8|2|2|1,6,584,202842,silent,202258
10,16|11|7|4|1|1,6,967,416748,silent,415781
10,16|11|7|3|2|1,6,1390,692631,silent,691241
10,16|11|7|2|2|2,6,448,216041,silent,215593
10,16|11|6|5|1|1,6,713,354759,silent,354046
10,16|11|6|4|2|1,6,1776,1006817,silent,1005041
10,16|11|6|3|3|1,6,853,652506,silent,651653
10,16|11|6|3|2|2,6,926,652732,silent,651806
10,16|11|5|5|2|1,6,770,506524,silent,505754
10,16|11|5|4|3|1,6,1109,858614,silent,857505
10,16|11|5|4|2|2,6,877,701023,silent,700146
10,16|11|5|3|3|2,6,498,613830,silent,613332
10,16|11|4|4|4|1,6,283,193618,silent,193335
10,16|11|4|4|3|2,6,432,454156,silent,453724
10,16|11|4|3|3|3,6,61,173176,silent,173115
10,16|10|10|2|1|1,6,90,30062,silent,29972
10,16|10|9|3|1|1,6,417,166365,silent,165948
10,16|10|9|2|2|1,6,367,137459,silent,137092
10,16|10|8|4|1|1,6,810,396928,silent,396118
10,16|10|8|3|2|1,6,1199,650192,silent,648993
10,16|10|8|2|2|2,6,418,202461,silent,202043
10,16|10|7|5|1|1,6,917,499731,silent,498814
10,16|10|7|4|2|1,6,2003,1296244,silent,1294241
10,16|10|7|3|3|1,6,968,814256,silent,813288
10,16|10|7|3|2|2,6,981,805400,silent,804419
10,16|10|6|6|1|1,6,373,234539,silent,234166
10,16|10|6|5|2|1,6,1591,1184270,silent,1182679
10,16|10|6|4|3|1,6,1735,1578560,silent,1576825
10,16|10|6|4|2|2,6,1421,1272250,silent,1270829
10,16|10|6|3|3|2,6,724,1031466,silent,1030742
10,16|10|5|5|3|1,6,841,870840,silent,869999
10,16|10|5|5|2|2,6,555,656532,silent,655977
10,16|10|5|4|4|1,6,701,670283,silent,669582
10,16|10|5|4|3|2,6,1052,1445319,silent,1444267
10,16|10|5|3|3|3,6,162,435119,silent,434957
10,16|10|4|4|4|2,6,344,363415,silent,363071
10,16|10|4|4|3|3,6,149,347138,silent,346989
10,16|9|9|4|1|1,6,355,167684,silent,167329
10,16|9|9|3|2|1,6,466,269616,silent,269150
10,16|9|9|2|2|2,6,123,81757,silent,81634
10,16|9|8|5|1|1,6,638,376779,silent,376141
10,16|9|8|4|2|1,6,1365,944261,silent,942896
10,16|9|8|3|3|1,6,651,584382,silent,583731
10,16|9|8|3|2|2,6,664,576131,silent,575467
10,16|9|7|6|1|1,6,551,350264,silent,349713
10,16|9|7|5|2|1,6,1648,1369001,silent,1367353
10,16|9|7|4|3|1,6,1691,1688291,silent,1686600
10,16|9|7|4|2|2,6,1239,1341232,silent,1339993
10,16|9|7|3|3|2,6,719,1061879,silent,1061160
10,16|9|6|6|2|1,6,800,686786,silent,685986
10,16|9|6|5|3|1,6,1522,1763375,silent,1761853
10,16|9|6|5|2|2,6,1078,1315930,silent,1314852
10,16|9|6|4|4|1,6,989,1096376,silent,1095387
10,16|9|6|4|3|2,6,1460,2276374,silent,2274914
10,16|9|6|3|3|3,6,210,629910,silent,629700
10,16|9|5|5|4|1,6,549,769749,silent,769200
10,16|9|5|5|3|2,6,705,1305036,silent,1304331
10,16|9|5|4|4|2,6,671,1097558,silent,1096887
10,16|9|5|4|3|3,6,391,989508,silent,989117
10,16|9|4|4|4|3,6,180,321537,silent,321357
10,16|8|8|6|1|1,6,231,168121,silent,167890
10,16|8|8|5|2|1,6,732,618856,silent,618124
10,16|8|8|4|3|1,6,700,740611,silent,739911
10,16|8|8|4|2|2,6,595,591641,silent,591046
10,16|8|8|3|3|2,6,272,457645,silent,457373
10,16|8|7|7|1|1,6,168,109003,silent,108835
10,16|8|7|6|2|1,6,796,754165,silent,753369
10,16|8|7|5|3|1,6,1246,1538148,silent,1536902
10,16|8|7|5|2|2,6,826,1136596,silent,1135770
10,16|8|7|4|4|1,6,728,895889,silent,895161
10,16|8|7|4|3|2,6,1075,1828825,silent,1827750
10,16|8|7|3|3|3,6,164,490368,silent,490204
10,16|8|6|6|3|1,6,660,862648,silent,861988
10,16|8|6|6|2|2,6,513,629142,silent,628629
10,16|8|6|5|4|1,6,883,1311071,silent,1310188
10,16|8|6|5|3|2,6,1080,2144730,silent,2143650
10,16|8|6|4|4|2,6,853,1464916,silent,1464063
10,16|8|6|4|3|3,6,426,1273865,silent,1273439
10,16|8|5|5|5|1,6,138,293684,silent,293546
10,16|8|5|5|4|2,6,432,1083543,silent,1083111
10,16|8|5|5|3|3,6,263,791345,silent,791082
10,16|8|5|4|4|3,6,335,839234,silent,838899
10,16|8|4|4|4|4,6,88,117963,silent,117875
10,16|7|7|7|2|1,6,118,134960,silent,134842
10,16|7|7|6|3|1,6,393,547121,silent,546728
10,16|7|7|6|2|2,6,225,390294,silent,390069
10,16|7|7|5|4|1,6,416,676800,silent,676384
10,16|7|7|5|3|2,6,519,1092203,silent,1091684
10,16|7|7|4|4|2,6,314,699960,silent,699646
10,16|7|7|4|3|3,6,224,608852,silent,608628
10,16|7|6|6|4|1,6,325,513902,silent,513577
10,16|7|6|6|3|2,6,372,777980,silent,777608
10,16|7|6|5|5|1,6,182,394446,silent,394264
10,16|7|6|5|4|2,6,549,1350678,silent,1350129
10,16|7|6|5|3|3,6,274,953322,silent,953048
10,16|7|6|4|4|3,6,302,828665,silent,828363
10,16|7|5|5|5|2,6,93,345784,silent,345691
10,16|7|5|5|4|3,6,182,690766,silent,690584
10,16|7|5|4|4|4,6,88,249587,silent,249499
10,16|6|6|6|5|1,6,58,109837,silent,109779
10,16|6|6|6|4|2,6,155,301981,silent,301826
10,16|6|6|6|3|3,6,43,196005,silent,195962
10,16|6|6|5|5|2,6,59,256415,silent,256356
10,16|6|6|5|4|3,6,130,482577,silent,482447
10,16|6|6|4|4|4,6,75,144891,silent,144816
10,16|6|5|5|5|3,6,28,173778,silent,173750
10,16|6|5|5|4|4,6,27,159195,silent,159168
10,16|5|5|5|5|4,6,4,28467,silent,28463
10,15|15|7|1|1|1,6,15,3339,silent,3324
10,15|15|6|2|1|1,6,68,12946,silent,12878
10,15|15|5|3|1|1,6,75,19981,silent,19906
10,15|15|5|2|2|1,6,83,17598,silent,17515
10,15|15|4|4|1|1,6,51,10433,silent,10382
10,15|15|4|3|2|1,6,87,24876,silent,24789
10,15|15|4|2|2|2,6,32,8900,silent,8868
10,15|15|3|3|3|1,6,8,6483,silent,6475
10,15|15|3|3|2|2,6,25,7392,silent,7367
10,15|14|8|1|1|1,6,33,7902,silent,7869
10,15|14|7|2|1|1,6,156,37370,silent,37214
10,15|14|6|3|1|1,6,247,74753,silent,74506
10,15|14|6|2|2|1,6,243,63988,silent,63745
10,15|14|5|4|1|1,6,212,68665,silent,68453
10,15|14|5|3|2|1,6,355,129405,silent,129050
10,15|14|5|2|2|2,6,138,43126,silent,42988
10,15|14|4|4|2|1,6,202,72794,silent,72592
10,15|14|4|3|3|1,6,112,63136,silent,63024
10,15|14|4|3|2|2,6,146,66609,silent,66463
10,15|14|3|3|3|2,6,18,22134,silent,22116
10,15|13|9|1|1|1,6,48,11446,silent,11398
10,15|13|8|2|1|1,6,242,64042,silent,63800
10,15|13|7|3|1|1,6,461,158917,silent,158456
10,15|13|7|2|2|1,6,418,132746,silent,132328
10,15|13|6|4|1|1,6,532,203217,silent,202685
10,15|13|6|3|2|1,6,798,351004,silent,350206
10,15|13|6|2|2|2,6,271,111832,silent,111561
10,15|13|5|5|1|1,6,220,97777,silent,97557
10,15|13|5|4|2|1,6,730,354699,silent,353969
10,15|13|5|3|3|1,6,368,247451,silent,247083
10,15|13|5|3|2|2,6,418,250888,silent,250470
10,15|13|4|4|3|1,6,295,174263,silent,173968
10,15|13|4|4|2|2,6,237,147624,silent,147387
10,15|13|4|3|3|2,6,155,160172,silent,160017
10,15|13|3|3|3|3,6,4,23673,silent,23669
10,15|12|10|1|1|1,6,37,10210,silent,10173
10,15|12|9|2|1|1,6,248,72834,silent,72586
10,15|12|8|3|1|1,6,577,223340,silent,222763
10,15|12|8|2|2|1,6,522,185684,silent,185162
10,15|12|7|4|1|1,6,832,371939,silent,371107
10,15|12|7|3|2|1,6,1209,617015,silent,615806
10,15|12|7|2|2|2,6,398,192454,silent,192056
10,15|12|6|5|1|1,6,611,312773,silent,312162
10,15|12|6|4|2|1,6,1520,884142,silent,882622
10,15|12|6|3|3|1,6,731,571589,silent,570858
10,15|12|6|3|2|2,6,795,571420,silent,570625
10,15|12|5|5|2|1,6,658,441943,silent,441285
10,15|12|5|4|3|1,6,937,746277,silent,745340
10,15|12|5|4|2|2,6,750,608947,silent,608197
10,15|12|5|3|3|2,6,422,531632,silent,531210
10,15|12|4|4|4|1,6,236,167479,silent,167243
10,15|12|4|4|3|2,6,364,391930,silent,391566
10,15|12|4|3|3|3,6,52,148973,silent,148921
10,15|11|11|1|1|1,6,19,4353,silent,4334
10,15|11|10|2|1|1,6,164,49491,silent,49327
10,15|11|9|3|1|1,6,506,206701,silent,206195
10,15|11|9|2|2|1,6,427,169693,silent,169266
10,15|11|8|4|1|1,6,913,447687,silent,446774
10,15|11|8|3|2|1,6,1288,727594,silent,726306
10,15|11|8|2|2|2,6,403,224019,silent,223616
10,15|11|7|5|1|1,6,937,537423,silent,536486
10,15|11|7|4|2|1,6,2049,1384143,silent,1382094
10,15|11|7|3|3|1,6,1000,867422,silent,866422
10,15|11|7|3|2|2,6,1006,855540,silent,854534
10,15|11|6|6|1|1,6,412,248866,silent,248454
10,15|11|6|5|2|1,6,1597,1237152,silent,1235555
10,15|11|6|4|3|1,6,1754,1640835,silent,1639081
10,15|11|6|4|2|2,6,1348,1316080,silent,1314732
10,15|11|6|3|3|2,6,759,1068106,silent,1067347
10,15|11|5|5|3|1,6,826,894901,silent,894075
10,15|11|5|5|2|2,6,586,675074,silent,674488
10,15|11|5|4|4|1,6,680,685950,silent,685270
10,15|11|5|4|3|2,6,1035,1475078,silent,1474043
10,15|11|5|3|3|3,6,158,442432,silent,442274
10,15|11|4|4|4|2,6,294,366254,silent,365960
10,15|11|4|4|3|3,6,166,351946,silent,351780
10,15|10|10|3|1|1,6,188,84009,silent,83821
10,15|10|10|2|2|1,6,176,69848,silent,69672
10,15|10|9|4|1|1,6,594,314394,silent,313800
10,15|10|9|3|2|1,6,834,505771,silent,504937
10,15|10|9|2|2|2,6,261,154799,silent,154538
10,15|10|8|5|1|1,6,870,547298,silent,546428
10,15|10|8|4|2|1,6,1858,1359586,silent,1357728
10,15|10|8|3|3|1,6,880,836871,silent,835991
10,15|10|8|3|2|2,6,906,824388,silent,823482
10,15|10|7|6|1|1,6,683,466590,silent,465907
10,15|10|7|5|2|1,6,2054,1796585,silent,1794531
10,15|10|7|4|3|1,6,2076,2195916,silent,2193840
10,15|10|7|4|2|2,6,1561,1743232,silent,1741671
10,15|10|7|3|3|2,6,872,1371208,silent,1370336
10,15|10|6|6|2|1,6,961,870989,silent,870028
10,15|10|6|5|3|1,6,1806,2202047,silent,2200241
10,15|10|6|5|2|2,6,1279,1640305,silent,1639026
10,15|10|6|4|4|1,6,1158,1360526,silent,1359368
10,15|10|6|4|3|2,6,1715,2812828,silent,2811113
10,15|10|6|3|3|3,6,248,773457,silent,773209
10,15|10|5|5|4|1,6,638,937653,silent,937015
10,15|10|5|5|3|2,6,814,1583222,silent,1582408
10,15|10|5|4|4|2,6,775,1323821,silent,1323046
10,15|10|5|4|3|3,6,444,1188677,silent,1188233
10,15|10|4|4|4|3,6,197,381561,silent,381364
10,15|9|9|5|1|1,6,368,236736,silent,236368
10,15|9|9|4|2|1,6,729,574712,silent,573983
10,15|9|9|3|3|1,6,368,353018,silent,352650
10,15|9|9|3|2|2,6,340,343872,silent,343532
10,15|9|8|6|1|1,6,536,388790,silent,388254
10,15|9|8|5|2|1,6,1486,1380540,silent,1379054
10,15|9|8|4|3|1,6,1450,1632095,silent,1630645
10,15|9|8|4|2|2,6,1075,1289884,silent,1288809
10,15|9|8|3|3|2,6,606,1000155,silent,999549
10,15|9|7|7|1|1,6,260,199977,silent,199717
10,15|9|7|6|2|1,6,1283,1319145,silent,1317862
10,15|9|7|5|3|1,6,1966,2623849,silent,2621883
10,15|9|7|5|2|2,6,1315,1931853,silent,1930538
10,15|9|7|4|4|1,6,1119,1510851,silent,1509732
10,15|9|7|4|3|2,6,1672,3066973,silent,3065301
10,15|9|7|3|3|3,6,269,816391,silent,816122
10,15|9|6|6|3|1,6,989,1366540,silent,1365551
10,15|9|6|6|2|2,6,673,987862,silent,987189
10,15|9|6|5|4|1,6,1266,2028496,silent,2027230
10,15|9|6|5|3|2,6,1569,3300080,silent,3298511
10,15|9|6|4|4|2,6,1114,2224294,silent,2223180
10,15|9|6|4|3|3,6,646,1933704,silent,1933058
10,15|9|5|5|5|1,6,199,436150,silent,435951
10,15|9|5|5|4|2,6,625,1595291,silent,1594666
10,15|9|5|5|3|3,6,345,1157322,silent,1156977
10,15|9|5|4|4|3,6,440,1215638,silent,1215198
10,15|9|4|4|4|4,6,81,165046,silent,164965
10,15|8|8|7|1|1,6,150,120632,silent,120482
10,15|8|8|6|2|1,6,627,647526,silent,646899
10,15|8|8|5|3|1,6,869,1199923,silent,1199054
10,15|8|8|5|2|2,6,615,885097,silent,884482
10,15|8|8|4|4|1,6,503,676917,silent,676414
10,15|8|8|4|3|2,6,727,1361344,silent,1360617
10,15|8|8|3|3|3,6,98,354711,silent,354613
10,15|8|7|7|2|1,6,357,418664,silent,418307
10,15|8|7|6|3|1,6,1017,1535971,silent,1534954
10,15|8|7|6|2|2,6,661,1098266,silent,1097605
10,15|8|7|5|4|1,6,1053,1825602,silent,1824549
10,15|8|7|5|3|2,6,1281,2919354,silent,2918073
10,15|8|7|4|4|2,6,838,1844178,silent,1843340
10,15|8|7|4|3|3,6,494,1582283,silent,1581789
10,15|8|6|6|4|1,6,641,1111277,silent,1110636
10,15|8|6|6|3|2,6,733,1667550,silent,1666817
10,15|8|6|5|5|1,6,358,823384,silent,823026
10,15|8|6|5|4|2,6,1047,2778858,silent,2777811
10,15|8|6|5|3|3,6,521,1946697,silent,1946176
10,15|8|6|4|4|3,6,546,1663113,silent,1662567
10,15|8|5|5|5|2,6,159,651324,silent,651165
10,15|8|5|5|4|3,6,318,1285748,silent,1285430
10,15|8|5|4|4|4,6,155,455790,silent,455635
10,15|7|7|7|3|1,6,165,284280,silent,284115
10,15|7|7|7|2|2,6,89,197942,silent,197853
10,15|7|7|6|4|1,6,357,718902,silent,718545
10,15|7|7|6|3|2,6,408,1063499,silent,1063091
10,15|7|7|5|5|1,6,191,443838,silent,443647
10,15|7|7|5|4|2,6,485,1446492,silent,1446007
10,15|7|7|5|3|3,6,273,1006731,silent,1006458
10,15|7|7|4|4|3,6,229,807968,silent,807739
10,15|7|6|6|5|1,6,186,420863,silent,420677
10,15|7|6|6|4|2,6,398,1118064,silent,1117666
10,15|7|6|6|3|3,6,182,729338,silent,729156
10,15|7|6|5|5|2,6,229,891147,silent,890918
10,15|7|6|5|4|3,6,387,1632882,silent,1632495
10,15|7|6|4|4|4,6,142,464210,silent,464068
10,15|7|5|5|5|3,6,74,460672,silent,460598
10,15|7|5|5|4|4,6,78,416386,silent,416308
10,15|6|6|6|6|1,6,28,45905,silent,45877
10,15|6|6|6|5|2,6,82,254539,silent,254457
10,15|6|6|6|4|3,6,98,373137,silent,373039
10,15|6|6|5|5|3,6,48,346446,silent,346398
10,15|6|6|5|4|4,6,68,299976,silent,299908
10,15|6|5|5|5|4,6,11,137685,silent,137674
10,15|5|5|5|5|5,6,3,11230,silent,11227
10,14|14|9|1|1|1,6,16,4199,silent,4183
10,14|14|8|2|1|1,6,78,23414,silent,23336
10,14|14|7|3|1|1,6,174,58457,silent,58283
10,14|14|7|2|2|1,6,154,49050,silent,48896
10,14|14|6|4|1|1,6,171,73990,silent,73819
10,14|14|6|3|2|1,6,293,128860,silent,128567
10,14|14|6|2|2|2,6,122,41812,silent,41690
10,14|14|5|5|1|1,6,96,36116,silent,36020
10,14|14|5|4|2|1,6,267,129939,silent,129672
10,14|14|5|3|3|1,6,138,90520,silent,90382
10,14|14|5|3|2|2,6,142,91692,silent,91550
10,14|14|4|4|3|1,6,95,63443,silent,63348
10,14|14|4|4|2|2,6,115,54845,silent,54730
10,14|14|4|3|3|2,6,47,58082,silent,58035
10,14|14|3|3|3|3,6,5,8774,silent,8769
10,14|13|10|1|1|1,6,25,6618,silent,6593
10,14|13|9|2|1|1,6,154,44929,silent,44775
10,14|13|8|3|1|1,6,345,134450,silent,134105
10,14|13|8|2|2|1,6,305,111458,silent,111153
10,14|13|7|4|1|1,6,490,220962,silent,220472
10,14|13|7|3|2|1,6,704,365657,silent,364953
10,14|13|7|2|2|2,6,225,113675,silent,113450
10,14|13|6|5|1|1,6,357,184537,silent,184180
10,14|13|6|4|2|1,6,878,519975,silent,519097
10,14|13|6|3|3|1,6,427,335940,silent,335513
10,14|13|6|3|2|2,6,456,335307,silent,334851
10,14|13|5|5|2|1,6,380,259074,silent,258694
10,14|13|5|4|3|1,6,541,436597,silent,436056
10,14|13|5|4|2|2,6,428,355766,silent,355338
10,14|13|5|3|3|2,6,248,310588,silent,310340
10,14|13|4|4|4|1,6,134,97641,silent,97507
10,14|13|4|4|3|2,6,207,228293,silent,228086
10,14|13|4|3|3|3,6,32,86740,silent,86708
10,14|12|11|1|1|1,6,19,4956,silent,4937
10,14|12|10|2|1|1,6,132,44847,silent,44715
10,14|12|9|3|1|1,6,407,171725,silent,171318
10,14|12|9|2|2|1,6,351,141439,silent,141088
10,14|12|8|4|1|1,6,678,355710,silent,355032
10,14|12|8|3|2|1,6,1000,578567,silent,577567
10,14|12|8|2|2|2,6,343,179094,silent,178751
10,14|12|7|5|1|1,6,726,418769,silent,418043
10,14|12|7|4|2|1,6,1555,1074961,silent,1073406
10,14|12|7|3|3|1,6,760,671849,silent,671089
10,14|12|7|3|2|2,6,757,662841,silent,662084
10,14|12|6|6|1|1,6,281,191304,silent,191023
10,14|12|6|5|2|1,6,1198,949378,silent,948180
10,14|12|6|4|3|1,6,1291,1254262,silent,1252971
10,14|12|6|4|2|2,6,1057,1007923,silent,1006866
10,14|12|6|3|3|2,6,543,813446,silent,812903
10,14|12|5|5|3|1,6,629,680627,silent,679998
10,14|12|5|5|2|2,6,404,511912,silent,511508
10,14|12|5|4|4|1,6,503,520388,silent,519885
10,14|12|5|4|3|2,6,766,1116893,silent,1116127
10,14|12|5|3|3|3,6,125,334165,silent,334040
10,14|12|4|4|4|2,6,243,277194,silent,276951
10,14|12|4|4|3|3,6,102,264025,silent,263923
10,14|11|11|2|1|1,6,67,19466,silent,19399
10,14|11|10|3|1|1,6,276,122587,silent,122311
10,14|11|10|2|2|1,6,236,100645,silent,100409
10,14|11|9|4|1|1,6,654,351858,silent,351204
10,14|11|9|3|2|1,6,892,562738,silent,561846
10,14|11|9|2|2|2,6,259,170956,silent,170697
10,14|11|8|5|1|1,6,861,557826,silent,556965
10,14|11|8|4|2|1,6,1796,1375068,silent,1373272
10,14|11|8|3|3|1,6,867,844853,silent,843986
10,14|11|8|3|2|2,6,864,829369,silent,828505
10,14|11|7|6|1|1,6,650,457259,silent,456609
10,14|11|7|5|2|1,6,1915,1741479,silent,1739564
10,14|11|7|4|3|1,6,1931,2117755,silent,2115824
10,14|11|7|4|2|2,6,1422,1676996,silent,1675574
10,14|11|7|3|3|2,6,823,1317257,silent,1316434
10,14|11|6|6|2|1,6,877,829623,silent,828746
10,14|11|6|5|3|1,6,1650,2079312,silent,2077662
10,14|11|6|5|2|2,6,1151,1545580,silent,1544429
10,14|11|6|4|4|1,6,1034,1278849,silent,1277815
10,14|11|6|4|3|2,6,1546,2637808,silent,2636262
10,14|11|6|3|3|3,6,234,723541,silent,723307
10,14|11|5|5|4|1,6,577,872924,silent,872347
10,14|11|5|5|3|2,6,740,1470451,silent,1469711
10,14|11|5|4|4|2,6,674,1223635,silent,1222961
10,14|11|5|4|3|3,6,403,1097762,silent,1097359
10,14|11|4|4|4|3,6,167,349388,silent,349221
10,14|10|10|4|1|1,6,237,147018,silent,146781
10,14|10|10|3|2|1,6,364,236387,silent,236023
10,14|10|10|2|2|2,6,138,73158,silent,73020
10,14|10|9|5|1|1,6,597,411752,silent,411155
10,14|10|9|4|2|1,6,1213,994747,silent,993534
10,14|10|9|3|3|1,6,586,606384,silent,605798
10,14|10|9|3|2|2,6,571,593021,silent,592450
10,14|10|8|6|1|1,6,659,526707,silent,526048
10,14|10|8|5|2|1,6,1882,1845163,silent,1843281
10,14|10|8|4|3|1,6,1800,2162257,silent,2160457
10,14|10|8|4|2|2,6,1405,1709422,silent,1708017
10,14|10|8|3|3|2,6,733,1315580,silent,1314847
10,14|10|7|7|1|1,6,328,252377,silent,252049
10,14|10|7|6|2|1,6,1497,1620177,silent,1618680
10,14|10|7|5|3|1,6,2269,3174116,silent,3171847
10,14|10|7|5|2|2,6,1500,2334025,silent,2332525
10,14|10|7|4|4|1,6,1281,1817203,silent,1815922
10,14|10|7|4|3|2,6,1907,3673626,silent,3671719
10,14|10|7|3|3|3,6,308,971251,silent,970943
10,14|10|6|6|3|1,6,1077,1598315,silent,1597238
10,14|10|6|6|2|2,6,793,1155714,silent,1154921
10,14|10|6|5|4|1,6,1390,2343090,silent,2341700
10,14|10|6|5|3|2,6,1708,3797040,silent,3795332
10,14|10|6|4|4|2,6,1253,2546371,silent,2545118
10,14|10|6|4|3|3,6,673,2203055,silent,2202382
10,14|10|5|5|5|1,6,217,492727,silent,492510
10,14|10|5|5|4|2,6,650,1791236,silent,1790586
10,14|10|5|5|3|3,6,390,1296689,silent,1296299
10,14|10|5|4|4|3,6,461,1353689,silent,1353228
10,14|10|4|4|4|4,6,103,182077,silent,181974
10,14|9|9|6|1|1,6,313,239720,silent,239407
10,14|9|9|5|2|1,6,769,805895,silent,805126
10,14|9|9|4|3|1,6,751,932428,silent,931677
10,14|9|9|4|2|2,6,497,729338,silent,728841
10,14|9|9|3|3|2,6,332,563341,silent,563009
10,14|9|8|7|1|1,6,314,272111,silent,271797
10,14|9|8|6|2|1,6,1207,1382130,silent,1380923
10,14|9|8|5|3|1,6,1682,2501643,silent,2499961
10,14|9|8|5|2|2,6,1131,1832993,silent,1831862
10,14|9|8|4|4|1,6,919,1393018,silent,1392099
10,14|9|8|4|3|2,6,1362,2788326,silent,2786964
10,14|9|8|3|3|3,6,214,723929,silent,723715
10,14|9|7|7|2|1,6,567,718008,silent,717441
10,14|9|7|6|3|1,6,1548,2512377,silent,2510829
10,14|9|7|6|2|2,6,973,1788423,silent,1787450
10,14|9|7|5|4|1,6,1562,2919777,silent,2918215
10,14|9|7|5|3|2,6,1915,4643740,silent,4641825
10,14|9|7|4|4|2,6,1179,2899370,silent,2898191
10,14|9|7|4|3|3,6,743,2481298,silent,2480555
10,14|9|6|6|4|1,6,868,1649569,silent,1648701
10,14|9|6|6|3|2,6,991,2461532,silent,2460541
10,14|9|6|5|5|1,6,502,1201531,silent,1201029
10,14|9|6|5|4|2,6,1396,4013036,silent,4011640
10,14|9|6|5|3|3,6,722,2802198,silent,2801476
10,14|9|6|4|4|3,6,701,2366323,silent,2365622
10,14|9|5|5|5|2,6,227,904583,silent,904356
10,14|9|5|5|4|3,6,413,1769598,silent,1769185
10,14|9|5|4|4|4,6,180,618379,silent,618199
10,14|8|8|8|1|1,6,37,46021,silent,45984
10,14|8|8|7|2|1,6,357,443905,silent,443548
10,14|8|8|6|3|1,6,742,1250481,silent,1249739
10,14|8|8|6|2|2,6,543,893753,silent,893210
10,14|8|8|5|4|1,6,724,1364670,silent,1363946
10,14|8|8|5|3|2,6,855,2152341,silent,2151486
10,14|8|8|4|4|2,6,588,1318060,silent,1317472
10,14|8|8|4|3|3,6,289,1111832,silent,1111543
10,14|8|7|7|3|1,6,465,830903,silent,830438
10,14|8|7|7|2|2,6,250,579759,silent,579509
10,14|8|7|6|4|1,6,909,1918673,silent,1917764
10,14|8|7|6|3|2,6,1028,2813997,silent,2812969
10,14|8|7|5|5|1,6,458,1141653,silent,1141195
10,14|8|7|5|4|2,6,1164,3675434,silent,3674270
10,14|8|7|5|3|3,6,632,2533308,silent,2532676
10,14|8|7|4|4|3,6,535,2003753,silent,2003218
10,14|8|6|6|5|1,6,350,870020,silent,869670
10,14|8|6|6|4|2,6,776,2278795,silent,2278019
10,14|8|6|6|3|3,6,315,1474366,silent,1474051
10,14|8|6|5|5|2,6,410,1752270,silent,1751860
10,14|8|6|5|4|3,6,699,3171774,silent,3171075
10,14|8|6|4|4|4,6,263,884226,silent,883963
10,14|8|5|5|5|3,6,129,820012,silent,819883
10,14|8|5|5|4|4,6,118,734721,silent,734603
10,14|7|7|7|4|1,6,147,372477,silent,372330
10,14|7|7|7|3|2,6,165,528522,silent,528357
10,14|7|7|6|5|1,6,212,588195,silent,587983
10,14|7|7|6|4|2,6,390,1486153,silent,1485763
10,14|7|7|6|3|3,6,226,959965,silent,959739
10,14|7|7|5|5|2,6,237,955257,silent,955020
10,14|7|7|5|4|3,6,338,1676601,silent,1676263
10,14|7|7|4|4|4,6,80,433776,silent,433696
10,14|7|6|6|6|1,6,71,173618,silent,173547
10,14|7|6|6|5|2,6,228,922109,silent,921881
10,14|7|6|6|4|3,6,274,1322951,silent,1322677
10,14|7|6|5|5|3,6,171,1144980,silent,1144809
10,14|7|6|5|4|4,6,174,967382,silent,967208
10,14|7|5|5|5|4,6,38,350197,silent,350159
10,14|6|6|6|6|2,6,46,105020,silent,104974
10,14|6|6|6|5|3,6,54,335291,silent,335237
10,14|6|6|6|4|4,6,65,234879,silent,234814
10,14|6|6|5|5|4,6,21,269873,silent,269852
10,14|6|5|5|5|5,6,3,52200,silent,52197
10,13|13|11|1|1|1,6,9,2252,silent,2243
10,13|13|10|2|1|1,6,63,18475,silent,18412
10,13|13|9|3|1|1,6,157,67223,silent,67066
10,13|13|9|2|2|1,6,130,54894,silent,54764
10,13|13|8|4|1|1,6,282,137105,silent,136823
10,13|13|8|3|2|1,6,374,221054,silent,220680
10,13|13|8|2|2|2,6,101,67221,silent,67120
10,13|13|7|5|1|1,6,258,158748,silent,158490
10,13|13|7|4|2|1,6,575,406423,silent,405848
10,13|13|7|3|3|1,6,282,254172,silent,253890
10,13|13|7|3|2|2,6,286,250084,silent,249798
10,13|13|6|6|1|1,6,130,73015,silent,72885
10,13|13|6|5|2|1,6,443,357179,silent,356736
10,13|13|6|4|3|1,6,494,471781,silent,471287
10,13|13|6|4|2|2,6,343,376243,silent,375900
10,13|13|6|3|3|2,6,224,306223,silent,305999
10,13|13|5|5|3|1,6,221,254751,silent,254530
10,13|13|5|5|2|2,6,178,192625,silent,192447
10,13|13|5|4|4|1,6,184,194640,silent,194456
10,13|13|5|4|3|2,6,282,417550,silent,417268
10,13|13|5|3|3|3,6,41,124778,silent,124737
10,13|13|4|4|4|2,6,64,102289,silent,102225
10,13|13|4|4|3|3,6,56,99301,silent,99245
10,13|12|12|1|1|1,6,3,1156,silent,1153
10,13|12|11|2|1|1,6,53,17620,silent,17567
10,13|12|10|3|1|1,6,190,88069,silent,87879
10,13|12|10|2|2|1,6,168,72486,silent,72318
10,13|12|9|4|1|1,6,413,232075,silent,231662
10,13|12|9|3|2|1,6,575,371070,silent,370495
10,13|12|9|2|2|2,6,177,113027,silent,112850
10,13|12|8|5|1|1,6,531,354307,silent,353776
10,13|12|8|4|2|1,6,1114,871097,silent,869983
10,13|12|8|3|3|1,6,534,534068,silent,533534
10,13|12|8|3|2|2,6,538,524356,silent,523818
10,13|12|7|6|1|1,6,393,285236,silent,284843
10,13|12|7|5|2|1,6,1164,1081368,silent,1080204
10,13|12|7|4|3|1,6,1166,1311032,silent,1309866
10,13|12|7|4|2|2,6,870,1038175,silent,1037305
10,13|12|7|3|3|2,6,494,813334,silent,812840
10,13|12|6|6|2|1,6,527,510830,silent,510303
10,13|12|6|5|3|1,6,988,1273893,silent,1272905
10,13|12|6|5|2|2,6,693,946485,silent,945792
10,13|12|6|4|4|1,6,618,782014,silent,781396
10,13|12|6|4|3|2,6,924,1610483,silent,1609559
10,13|12|6|3|3|3,6,141,440695,silent,440554
10,13|12|5|5|4|1,6,343,530920,silent,530577
10,13|12|5|5|3|2,6,439,893022,silent,892583
10,13|12|5|4|4|2,6,402,741952,silent,741550
10,13|12|5|4|3|3,6,235,664471,silent,664236
10,13|12|4|4|4|3,6,99,210771,silent,210672
10,13|11|11|3|1|1,6,92,40928,silent,40836
10,13|11|11|2|2|1,6,69,32967,silent,32898
10,13|11|10|4|1|1,6,317,183263,silent,182946
10,13|11|10|3|2|1,6,429,290859,silent,290430
10,13|11|10|2|2|2,6,122,87949,silent,87827
10,13|11|9|5|1|1,6,556,396047,silent,395491
10,13|11|9|4|2|1,6,1106,949685,silent,948579
10,13|11|9|3|3|1,6,547,578239,silent,577692
10,13|11|9|3|2|2,6,519,563261,silent,562742
10,13|11|8|6|1|1,6,594,466229,silent,465635
10,13|11|8|5|2|1,6,1579,1612113,silent,1610534
10,13|11|8|4|3|1,6,1528,1881349,silent,1879821
10,13|11|8|4|2|2,6,1101,1480153,silent,1479052
10,13|11|8|3|3|2,6,648,1141450,silent,1140802
10,13|11|7|7|1|1,6,247,215273,silent,215026
10,13|11|7|6|2|1,6,1212,1364287,silent,1363075
10,13|11|7|5|3|1,6,1820,2651126,silent,2649306
10,13|11|7|5|2|2,6,1225,1946631,silent,1945406
10,13|11|7|4|4|1,6,1017,1511464,silent,1510447
10,13|11|7|4|3|2,6,1525,3049302,silent,3047777
10,13|11|7|3|3|3,6,247,804354,silent,804107
10,13|11|6|6|3|1,6,875,1314353,silent,1313478
10,13|11|6|6|2|2,6,563,944931,silent,944368
10,13|11|6|5|4|1,6,1093,1911240,silent,1910147
10,13|11|6|5|3|2,6,1359,3091099,silent,3089740
10,13|11|6|4|4|2,6,914,2060950,silent,2060036
10,13|11|6|4|3|3,6,563,1786138,silent,1785575
10,13|11|5|5|5|1,6,171,397264,silent,397093
10,13|11|5|5|4|2,6,534,1440590,silent,1440056
10,13|11|5|5|3|3,6,282,1038860,silent,1038578
10,13|11|5|4|4|3,6,353,1081689,silent,1081336
10,13|11|4|4|4|4,6,53,143003,silent,142950
10,13|10|10|5|1|1,6,229,174341,silent,174112
10,13|10|10|4|2|1,6,478,417244,silent,416766
10,13|10|10|3|3|1,6,221,251831,silent,251610
10,13|10|10|3|2|2,6,231,247190,silent,246959
10,13|10|9|6|1|1,6,438,375173,silent,374735
10,13|10|9|5|2|1,6,1142,1248829,silent,1247687
10,13|10|9|4|3|1,6,1084,1432047,silent,1430963
10,13|10|9|4|2|2,6,793,1123660,silent,1122867
10,13|10|9|3|3|2,6,453,858851,silent,858398
10,13|10|8|7|1|1,6,366,337461,silent,337095
10,13|10|8|6|2|1,6,1386,1671573,silent,1670187
10,13|10|8|5|3|1,6,1900,2982137,silent,2980237
10,13|10|8|5|2|2,6,1288,2182639,silent,2181351
10,13|10|8|4|4|1,6,1039,1651276,silent,1650237
10,13|10|8|4|3|2,6,1532,3292680,silent,3291148
10,13|10|8|3|3|3,6,237,849540,silent,849303
10,13|10|7|7|2|1,6,608,808305,silent,807697
10,13|10|7|6|3|1,6,1612,2757509,silent,2755897
10,13|10|7|6|2|2,6,1038,1961618,silent,1960580
10,13|10|7|5|4|1,6,1615,3165939,silent,3164324
10,13|10|7|5|3|2,6,1966,5017204,silent,5015238
10,13|10|7|4|4|2,6,1232,3116199,silent,3114967
10,13|10|7|4|3|3,6,747,2656022,silent,2655275
10,13|10|6|6|4|1,6,866,1731591,silent,1730725
10,13|10|6|6|3|2,6,990,2574894,silent,2573904
10,13|10|6|5|5|1,6,498,1248289,silent,1247791
10,13|10|6|5|4|2,6,1377,4146630,silent,4145253
10,13|10|6|5|3|3,6,709,2886974,silent,2886265
10,13|10|6|4|4|3,6,682,2424370,silent,2423688
10,13|10|5|5|5|2,6,215,914740,silent,914525
10,13|10|5|5|4|3,6,398,1781793,silent,1781395
10,13|10|5|4|4|4,6,175,618729,silent,618554
10,13|9|9|7|1|1,6,175,168791,silent,168616
10,13|9|9|6|2|1,6,591,772009,silent,771418
10,13|9|9|5|3|1,6,816,1338216,silent,1337400
10,13|9|9|5|2|2,6,520,972617,silent,972097
10,13|9|9|4|4|1,6,417,730051,silent,729634
10,13|9|9|4|3|2,6,633,1450392,silent,1449759
10,13|9|9|3|3|3,6,114,373475,silent,373361
10,13|9|8|8|1|1,6,109,105438,silent,105329
10,13|9|8|7|2|1,6,657,904766,silent,904109
10,13|9|8|6|3|1,6,1353,2436438,silent,2435085
10,13|9|8|6|2|2,6,859,1725510,silent,1724651
10,13|9|8|5|4|1,6,1257,2598610,silent,2597353
10,13|9|8|5|3|2,6,1522,4078126,silent,4076604
10,13|9|8|4|4|2,6,901,2462078,silent,2461177
10,13|9|8|4|3|3,6,558,2081793,silent,2081235
10,13|9|7|7|3|1,6,659,1300222,silent,1299563
10,13|9|7|7|2|2,6,401,906583,silent,906182
10,13|9|7|6|4|1,6,1261,2874133,silent,2872872
10,13|9|7|6|3|2,6,1424,4192953,silent,4191529
10,13|9|7|5|5|1,6,632,1680965,silent,1680333
10,13|9|7|5|4|2,6,1596,5360363,silent,5358767
10,13|9|7|5|3|3,6,855,3680191,silent,3679336
10,13|9|7|4|4|3,6,706,2879796,silent,2879090
10,13|9|6|6|5|1,6,449,1190643,silent,1190194
10,13|9|6|6|4|2,6,906,3083212,silent,3082306
10,13|9|6|6|3|3,6,446,1994778,silent,1994332
10,13|9|6|5|5|2,6,549,2336490,silent,2335941
10,13|9|6|5|4|3,6,861,4191002,silent,4190141
10,13|9|6|4|4|4,6,268,1149502,silent,1149234
10,13|9|5|5|5|3,6,157,1041159,silent,1041002
10,13|9|5|5|4|4,6,159,929208,silent,929049
10,13|8|8|8|2|1,6,119,160469,silent,160350
10,13|8|8|7|3|1,6,418,818727,silent,818309
10,13|8|8|7|2|2,6,268,572737,silent,572469
10,13|8|8|6|4|1,6,653,1469127,silent,1468474
10,13|8|8|6|3|2,6,724,2126113,silent,2125389
10,13|8|8|5|5|1,6,293,809720,silent,809427
10,13|8|8|5|4|2,6,763,2549475,silent,2548712
10,13|8|8|5|3|3,6,379,1732846,silent,1732467
10,13|8|8|4|4|3,6,330,1329144,silent,1328814
10,13|8|7|7|4|1,6,390,1014794,silent,1014404
10,13|8|7|7|3|2,6,425,1428016,silent,1427591
10,13|8|7|6|5|1,6,505,1469921,silent,1469416
10,13|8|7|6|4|2,6,974,3668877,silent,3667903
10,13|8|7|6|3|3,6,484,2343853,silent,2343369
10,13|8|7|5|5|2,6,498,2271062,silent,2270564
10,13|8|7|5|4|3,6,753,3941811,silent,3941058
10,13|8|7|4|4|4,6,212,1003833,silent,1003621
10,13|8|6|6|6|1,6,127,341106,silent,340979
10,13|8|6|6|5|2,6,410,1763864,silent,1763454
10,13|8|6|6|4|3,6,477,2498030,silent,2497553
10,13|8|6|5|5|3,6,295,2088782,silent,2088487
10,13|8|6|5|4|4,6,295,1748389,silent,1748094
10,13|8|5|5|5|4,6,55,579930,silent,579875
10,13|7|7|7|5|1,6,92,315954,silent,315862
10,13|7|7|7|4|2,6,157,726053,silent,725896
10,13|7|7|7|3|3,6,88,454383,silent,454295
10,13|7|7|6|6|1,6,70,249769,silent,249699
10,13|7|7|6|5|2,6,238,1206502,silent,1206264
10,13|7|7|6|4|3,6,274,1662291,silent,1662017
10,13|7|7|5|5|3,6,165,1157021,silent,1156856
10,13|7|7|5|4|4,6,133,940556,silent,940423
10,13|7|6|6|6|2,6,84,368341,silent,368257
10,13|7|6|6|5|3,6,166,1142578,silent,1142412
10,13|7|6|6|4|4,6,122,776198,silent,776076
10,13|7|6|5|5|4,6,85,840583,silent,840498
10,13|7|5|5|5|5,6,8,124968,silent,124960
10,13|6|6|6|6|3,6,30,136581,silent,136551
10,13|6|6|6|5|4,6,34,260180,silent,260146
10,13|6|6|5|5|5,6,2,99397,silent,99395
10,12|12|12|2|1|1,6,4,2433,silent,2429
10,12|12|11|3|1|1,6,47,22312,silent,22265
10,12|12|11|2|2|1,6,40,18401,silent,18361
10,12|12|10|4|1|1,6,119,80541,silent,80422
10,12|12|10|3|2|1,6,189,129023,silent,128834
10,12|12|10|2|2|2,6,75,39921,silent,39846
10,12|12|9|5|1|1,6,227,163070,silent,162843
10,12|12|9|4|2|1,6,454,391288,silent,390834
10,12|12|9|3|3|1,6,218,237315,silent,237097
10,12|12|9|3|2|2,6,212,232141,silent,231929
10,12|12|8|6|1|1,6,208,185427,silent,185219
10,12|12|8|5|2|1,6,623,642664,silent,642041
10,12|12|8|4|3|1,6,580,747423,silent,746843
10,12|12|8|4|2|2,6,483,591245,silent,590762
10,12|12|8|3|3|2,6,230,451816,silent,451586
10,12|12|7|7|1|1,6,116,85479,silent,85363
10,12|12|7|6|2|1,6,470,535985,silent,535515
10,12|12|7|5|3|1,6,713,1037172,silent,1036459
10,12|12|7|5|2|2,6,455,761351,silent,760896
10,12|12|7|4|4|1,6,393,590804,silent,590411
10,12|12|7|4|3|2,6,588,1190068,silent,1189480
10,12|12|7|3|3|3,6,96,312900,silent,312804
10,12|12|6|6|3|1,6,317,509987,silent,509670
10,12|12|6|6|2|2,6,264,369451,silent,369187
10,12|12|6|5|4|1,6,418,740341,silent,739923
10,12|12|6|5|3|2,6,507,1195483,silent,1194976
10,12|12|6|4|4|2,6,393,798943,silent,798550
10,12|12|6|4|3|3,6,188,687550,silent,687362
10,12|12|5|5|5|1,6,67,153095,silent,153028
10,12|12|5|5|4|2,6,180,553070,silent,552890
10,12|12|5|5|3|3,6,127,400180,silent,400053
10,12|12|5|4|4|3,6,131,415243,silent,415112
10,12|12|4|4|4|4,6,39,55684,silent,55645
10,12|11|11|4|1|1,6,85,47369,silent,47284
10,12|11|11|3|2|1,6,103,74131,silent,74028
10,12|11|11|2|2|2,6,21,21902,silent,21881
10,12|11|10|5|1|1,6,219,167312,silent,167093
10,12|11|10|4|2|1,6,435,396525,silent,396090
10,12|11|10|3|3|1,6,210,239555,silent,239345
10,12|11|10|3|2|2,6,203,233413,silent,233210
10,12|11|9|6|1|1,6,329,283444,silent,283115
10,12|11|9|5|2|1,6,826,934219,silent,933393
10,12|11|9|4|3|1,6,788,1067164,silent,1066376
10,12|11|9|4|2|2,6,551,834875,silent,834324
10,12|11|9|3|3|2,6,334,638223,silent,637889
10,12|11|8|7|1|1,6,250,236580,silent,236330
10,12|11|8|6|2|1,6,923,1154858,silent,1153935
10,12|11|8|5|3|1,6,1267,2046036,silent,2044769
10,12|11|8|5|2|2,6,845,1494482,silent,1493637
10,12|11|8|4|4|1,6,680,1128507,silent,1127827
10,12|11|8|4|3|2,6,1010,2246466,silent,2245456
10,12|11|8|3|3|3,6,162,578751,silent,578589
10,12|11|7|7|2|1,6,397,542913,silent,542516
10,12|11|7|6|3|1,6,1037,1829082,silent,1828045
10,12|11|7|6|2|2,6,657,1298797,silent,1298140
10,12|11|7|5|4|1,6,1032,2086340,silent,2085308
10,12|11|7|5|3|2,6,1260,3300219,silent,3298959
10,12|11|7|4|4|2,6,767,2041886,silent,2041119
10,12|11|7|4|3|3,6,481,1739442,silent,1738961
10,12|11|6|6|4|1,6,542,1124267,silent,1123725
10,12|11|6|6|3|2,6,618,1668596,silent,1667978
10,12|11|6|5|5|1,6,316,806736,silent,806420
10,12|11|6|5|4|2,6,859,2670314,silent,2669455
10,12|11|6|5|3|3,6,449,1857246,silent,1856797
10,12|11|6|4|4|3,6,419,1553855,silent,1553436
10,12|11|5|5|5|2,6,140,583481,silent,583341
10,12|11|5|5|4|3,6,248,1132893,silent,1132645
10,12|11|5|4|4|4,6,101,391474,silent,391373
10,12|10|10|6|1|1,6,133,136923,silent,136790
10,12|10|10|5|2|1,6,389,448458,silent,448069
10,12|10|10|4|3|1,6,351,507038,silent,506687
10,12|10|10|4|2|2,6,303,400072,silent,399769
10,12|10|10|3|3|2,6,132,300741,silent,300609
10,12|10|9|7|1|1,6,228,228064,silent,227836
10,12|10|9|6|2|1,6,761,1022117,silent,1021356
10,12|10|9|5|3|1,6,1014,1746359,silent,1745345
10,12|10|9|5|2|2,6,664,1271085,silent,1270421
10,12|10|9|4|4|1,6,535,949342,silent,948807
10,12|10|9|4|3|2,6,793,1878180,silent,1877387
10,12|10|9|3|3|3,6,132,479133,silent,479001
10,12|10|8|8|1|1,6,93,115051,silent,114958
10,12|10|8|7|2|1,6,658,949930,silent,949272
10,12|10|8|6|3|1,6,1306,2497253,silent,2495947
10,12|10|8|6|2|2,6,895,1770400,silent,1769505
10,12|10|8|5|4|1,6,1220,2634298,silent,2633078
10,12|10|8|5|3|2,6,1456,4119971,silent,4118515
10,12|10|8|4|4|2,6,924,2477977,silent,2477053
10,12|10|8|4|3|3,6,505,2083669,silent,2083164
10,12|10|7|7|3|1,6,620,1244464,silent,1243844
10,12|10|7|7|2|2,6,338,865646,silent,865308
10,12|10|7|6|4|1,6,1135,2691498,silent,2690363
10,12|10|7|6|3|2,6,1279,3913930,silent,3912651
10,12|10|7|5|5|1,6,563,1558533,silent,1557970
10,12|10|7|5|4|2,6,1401,4946119,silent,4944718
10,12|10|7|5|3|3,6,767,3386101,silent,3385334
10,12|10|7|4|4|3,6,622,2636757,silent,2636135
10,12|10|6|6|5|1,6,382,1070536,silent,1070154
10,12|10|6|6|4|2,6,824,2761618,silent,2760794
10,12|10|6|6|3|3,6,346,1777660,silent,1777314
10,12|10|6|5|5|2,6,445,2068914,silent,2068469
10,12|10|6|5|4|3,6,730,3697707,silent,3696977
10,12|10|6|4|4|4,6,256,1009911,silent,1009655
10,12|10|5|5|5|3,6,136,900681,silent,900545
10,12|10|5|5|4|4,6,115,800090,silent,799975
10,12|9|9|8|1|1,6,76,75445,silent,75369
10,12|9|9|7|2|1,6,312,491409,silent,491097
10,12|9|9|6|3|1,6,609,1205143,silent,1204534
10,12|9|9|6|2|2,6,343,845700,silent,845357
10,12|9|9|5|4|1,6,534,1234097,silent,1233563
10,12|9|9|5|3|2,6,657,1921615,silent,1920958
10,12|9|9|4|4|2,6,339,1136394,silent,1136055
10,12|9|9|4|3|3,6,255,959767,silent,959512
10,12|9|8|8|2|1,6,207,316112,silent,315905
10,12|9|8|7|3|1,6,688,1469243,silent,1468555
10,12|9|8|7|2|2,6,424,1021260,silent,1020836
10,12|9|8|6|4|1,6,1014,2523804,silent,2522790
10,12|9|8|6|3|2,6,1130,3634093,silent,3632963
10,12|9|8|5|5|1,6,472,1369865,silent,1369393
10,12|9|8|5|4|2,6,1163,4266939,silent,4265776
10,12|9|8|5|3|3,6,613,2895260,silent,2894647
10,12|9|8|4|4|3,6,487,2193305,silent,2192818
10,12|9|7|7|4|1,6,507,1406565,silent,1406058
10,12|9|7|7|3|2,6,557,1969591,silent,1969034
10,12|9|7|6|5|1,6,631,1960175,silent,1959544
10,12|9|7|6|4|2,6,1185,4847204,silent,4846019
10,12|9|7|6|3|3,6,614,3087698,silent,3087084
10,12|9|7|5|5|2,6,630,2952740,silent,2952110
10,12|9|7|5|4|3,6,912,5083404,silent,5082492
10,12|9|7|4|4|4,6,231,1276962,silent,1276731
10,12|9|6|6|6|1,6,139,418306,silent,418167
10,12|9|6|6|5|2,6,455,2132786,silent,2132331
10,12|9|6|6|4|3,6,530,2998311,silent,2997781
10,12|9|6|5|5|3,6,341,2466663,silent,2466322
10,12|9|6|5|4|4,6,316,2050239,silent,2049923
10,12|9|5|5|5|4,6,66,655375,silent,655309
10,12|8|8|8|3|1,6,117,270307,silent,270190
10,12|8|8|8|2|2,6,107,189472,silent,189365
10,12|8|8|7|4|1,6,344,916566,silent,916222
10,12|8|8|7|3|2,6,363,1273307,silent,1272944
10,12|8|8|6|5|1,6,334,1041604,silent,1041270
10,12|8|8|6|4|2,6,678,2543680,silent,2543002
10,12|8|8|6|3|3,6,279,1600494,silent,1600215
10,12|8|8|5|5|2,6,276,1457243,silent,1456967
10,12|8|8|5|4|3,6,443,2478352,silent,2477909
10,12|8|8|4|4|4,6,148,609957,silent,609809
10,12|8|7|7|5|1,6,230,784665,silent,784435
10,12|8|7|7|4|2,6,362,1781148,silent,1780786
10,12|8|7|7|3|3,6,214,1104124,silent,1103910
10,12|8|7|6|6|1,6,162,578442,silent,578280
10,12|8|7|6|5|2,6,526,2718956,silent,2718430
10,12|8|7|6|4|3,6,592,3699047,silent,3698455
10,12|8|7|5|5|3,6,335,2485515,silent,2485180
10,12|8|7|5|4|4,6,270,2006525,silent,2006255
10,12|8|6|6|6|2,6,156,654472,silent,654316
10,12|8|6|6|5|3,6,260,1976812,silent,1976552
10,12|8|6|6|4|4,6,222,1332145,silent,1331923
10,12|8|6|5|5|4,6,126,1391402,silent,1391276
10,12|8|5|5|5|5,6,14,188846,silent,188832
10,12|7|7|7|6|1,6,35,161211,silent,161176
10,12|7|7|7|5|2,6,102,599223,silent,599121
10,12|7|7|7|4|3,6,101,757369,silent,757268
10,12|7|7|6|6|2,6,67,485764,silent,485697
10,12|7|7|6|5|3,6,171,1383943,silent,1383772
10,12|7|7|6|4|4,6,94,902678,silent,902584
10,12|7|7|5|5|4,6,84,790624,silent,790540
10,12|7|6|6|6|3,6,63,443717,silent,443654
10,12|7|6|6|5|4,6,82,814873,silent,814791
10,12|7|6|5|5|5,6,15,288374,silent,288359
10,12|6|6|6|6|4,6,25,109720,silent,109695
10,12|6|6|6|5|5,6,3,97269,silent,97266
10,11|11|11|5|1|1,6,33,26116,silent,26083
10,11|11|11|4|2|1,6,60,60556,silent,60496
10,11|11|11|3|3|1,6,33,36838,silent,36805
10,11|11|11|3|2|2,6,26,35151,silent,35125
10,11|11|10|6|1|1,6,94,79581,silent,79487
10,11|11|10|5|2|1,6,212,255197,silent,254985
10,11|11|10|4|3|1,6,203,288379,silent,288176
10,11|11|10|4|2|2,6,126,224134,silent,224008
10,11|11|10|3|3|2,6,92,171312,silent,171220
10,11|11|9|7|1|1,6,98,105955,silent,105857
10,11|11|9|6|2|1,6,335,468978,silent,468643
10,11|11|9|5|3|1,6,451,797463,silent,797012
10,11|11|9|5|2|2,6,295,578628,silent,578333
10,11|11|9|4|4|1,6,230,431570,silent,431340
10,11|11|9|4|3|2,6,348,853254,silent,852906
10,11|11|9|3|3|3,6,60,218038,silent,217978
10,11|11|8|8|1|1,6,59,51205,silent,51146
10,11|11|8|7|2|1,6,272,408607,silent,408335
10,11|11|8|6|3|1,6,557,1064746,silent,1064189
10,11|11|8|6|2|2,6,318,749739,silent,749421
10,11|11|8|5|4|1,6,501,1116134,silent,1115633
10,11|11|8|5|3|2,6,613,1743870,silent,1743257
10,11|11|8|4|4|2,6,327,1041875,silent,1041548
10,11|11|8|4|3|3,6,238,880845,silent,880607
10,11|11|7|7|3|1,6,236,517064,silent,516828
10,11|11|7|7|2|2,6,168,360763,silent,360595
10,11|11|7|6|4|1,6,452,1108256,silent,1107804
10,11|11|7|6|3|2,6,509,1609302,silent,1608793
10,11|11|7|5|5|1,6,223,639642,silent,639419
10,11|11|7|5|4|2,6,574,2024085,silent,2023511
10,11|11|7|5|3|3,6,293,1384211,silent,1383918
10,11|11|7|4|4|3,6,245,1074375,silent,1074130
10,11|11|6|6|5|1,6,155,434145,silent,433990
10,11|11|6|6|4|2,6,276,1112895,silent,1112619
10,11|11|6|6|3|3,6,168,720380,silent,720212
10,11|11|6|5|5|2,6,196,834718,silent,834522
10,11|11|6|5|4|3,6,287,1485569,silent,1485282
10,11|11|6|4|4|4,6,70,401845,silent,401775
10,11|11|5|5|5|3,6,47,358636,silent,358589
10,11|11|5|5|4|4,6,63,319500,silent,319437
10,11|10|10|7|1|1,6,61,66527,silent,66466
10,11|10|10|6|2|1,6,205,287306,silent,287101
10,11|10|10|5|3|1,6,263,479512,silent,479249
10,11|10|10|5|2|2,6,181,349649,silent,349468
10,11|10|10|4|4|1,6,143,258932,silent,258789
10,11|10|10|4|3|2,6,206,509329,silent,509123
10,11|10|10|3|3|3,6,29,128277,silent,128248
10,11|10|9|8|1|1,6,68,80297,silent,80229
10,11|10|9|7|2|1,6,315,506300,silent,505985
10,11|10|9|6|3|1,6,583,1214581,silent,1213998
10,11|10|9|6|2|2,6,369,854922,silent,854553
10,11|10|9|5|4|1,6,518,1232148,silent,1231630
10,11|10|9|5|3|2,6,624,1912697,silent,1912073
10,11|10|9|4|4|2,6,362,1128822,silent,1128460
10,11|10|9|4|3|3,6,223,946517,silent,946294
10,11|10|8|8|2|1,6,166,265797,silent,265631
10,11|10|8|7|3|1,6,533,1186512,silent,1185979
10,11|10|8|7|2|2,6,332,824322,silent,823990
10,11|10|8|6|4|1,6,775,1999141,silent,1998366
10,11|10|8|6|3|2,6,862,2870631,silent,2869769
10,11|10|8|5|5|1,6,353,1075526,silent,1075173
10,11|10|8|5|4|2,6,879,3336433,silent,3335554
10,11|10|8|5|3|3,6,457,2257612,silent,2257155
10,11|10|8|4|4|3,6,368,1703017,silent,1702649
10,11|10|7|7|4|1,6,365,1044138,silent,1043773
10,11|10|7|7|3|2,6,396,1458028,silent,1457632
10,11|10|7|6|5|1,6,444,1429371,silent,1428927
10,11|10|7|6|4|2,6,844,3520060,silent,3519216
10,11|10|7|6|3|3,6,423,2235452,silent,2235029
10,11|10|7|5|5|2,6,427,2124658,silent,2124231
10,11|10|7|5|4|3,6,632,3644786,silent,3644154
10,11|10|7|4|4|4,6,171,911185,silent,911014
10,11|10|6|6|6|1,6,94,295115,silent,295021
10,11|10|6|6|5|2,6,310,1492642,silent,1492332
10,11|10|6|6|4|3,6,357,2089860,silent,2089503
10,11|10|6|5|5|3,6,227,1704495,silent,1704268
10,11|10|6|5|4|4,6,210,1412983,silent,1412773
10,11|10|5|5|5|4,6,41,443329,silent,443288
10,11|9|9|9|1|1,6,11,16101,silent,16090
10,11|9|9|8|2|1,6,102,185493,silent,185391
10,11|9|9|7|3|1,6,279,667672,silent,667393
10,11|9|9|7|2|2,6,167,460331,silent,460164
10,11|9|9|6|4|1,6,371,1048219,silent,1047848
10,11|9|9|6|3|2,6,416,1497887,silent,1497471
10,11|9|9|5|5|1,6,178,552065,silent,551887
10,11|9|9|5|4|2,6,412,1691997,silent,1691585
10,11|9|9|5|3|3,6,230,1144257,silent,1144027
10,11|9|9|4|4|3,6,165,849513,silent,849348
10,11|9|8|8|3|1,6,194,443011,silent,442817
10,11|9|8|8|2|2,6,109,305057,silent,304948
10,11|9|8|7|4|1,6,466,1370725,silent,1370259
10,11|9|8|7|3|2,6,503,1895644,silent,1895141
10,11|9|8|6|5|1,6,449,1502805,silent,1502356
10,11|9|8|6|4|2,6,819,3630070,silent,3629251
10,11|9|8|6|3|3,6,422,2287299,silent,2286877
10,11|9|8|5|5|2,6,409,2055259,silent,2054850
10,11|9|8|5|4|3,6,574,3463640,silent,3463066
10,11|9|8|4|4|4,6,134,837031,silent,836897
10,11|9|7|7|5|1,6,245,916271,silent,916026
10,11|9|7|7|4|2,6,429,2065194,silent,2064765
10,11|9|7|7|3|3,6,210,1273048,silent,1272838
10,11|9|7|6|6|1,6,174,654543,silent,654369
10,11|9|7|6|5|2,6,552,3035765,silent,3035213
10,11|9|7|6|4|3,6,617,4100964,silent,4100347
10,11|9|7|5|5|3,6,346,2712854,silent,2712508
10,11|9|7|5|4|4,6,290,2177149,silent,2176859
10,11|9|6|6|6|2,6,121,672081,silent,671960
10,11|9|6|6|5|3,6,262,2014359,silent,2014097
10,11|9|6|6|4|4,6,169,1344173,silent,1344004
10,11|9|6|5|5|4,6,135,1388641,silent,1388506
10,11|9|5|5|5|5,6,10,180274,silent,180264
10,11|8|8|8|4|1,6,100,271212,silent,271112
10,11|8|8|8|3|2,6,103,368893,silent,368790
10,11|8|8|7|5|1,6,176,630754,silent,630578
10,11|8|8|7|4|2,6,301,1403147,silent,1402846
10,11|8|8|7|3|3,6,144,855632,silent,855488
10,11|8|8|6|6|1,6,107,375065,silent,374958
10,11|8|8|6|5|2,6,315,1681976,silent,1681661
10,11|8|8|6|4|3,6,345,2239691,silent,2239346
10,11|8|8|5|5|3,6,170,1396474,silent,1396304
10,11|8|8|5|4|4,6,153,1111900,silent,1111747
10,11|8|7|7|6|1,6,80,356312,silent,356232
10,11|8|7|7|5|2,6,206,1291200,silent,1290994
10,11|8|7|7|4|3,6,215,1613309,silent,1613094
10,11|8|7|6|6|2,6,160,978905,silent,978745
10,11|8|7|6|5|3,6,321,2712867,silent,2712546
10,11|8|7|6|4|4,6,206,1759191,silent,1758985
10,11|8|7|5|5|4,6,134,1483866,silent,1483732
10,11|8|6|6|6|3,6,90,687353,silent,687263
10,11|8|6|6|5|4,6,122,1236033,silent,1235911
10,11|8|6|5|5|5,6,20,420244,silent,420224
10,11|7|7|7|7|1,6,8,39076,silent,39068
10,11|7|7|7|6|2,6,36,282324,silent,282288
10,11|7|7|7|5|3,6,62,623806,silent,623744
10,11|7|7|7|4|4,6,36,377184,silent,377148
10,11|7|7|6|6|3,6,52,527761,silent,527709
10,11|7|7|6|5|4,6,73,891845,silent,891772
10,11|7|7|5|5|5,6,16,249369,silent,249353
10,11|7|6|6|6|4,6,32,316652,silent,316620
10,11|7|6|6|5|5,6,19,278240,silent,278221
10,11|6|6|6|6|5,6,6,49108,silent,49102
10,10|10|10|8|1|1,6,5,14641,silent,14636
10,10|10|10|7|2|1,6,53,87299,silent,87246
10,10|10|10|6|3|1,6,87,200812,silent,200725
10,10|10|10|6|2|2,6,82,143309,silent,143227
10,10|10|10|5|4|1,6,83,200806,silent,200723
10,10|10|10|5|3|2,6,92,310092,silent,310000
10,10|10|10|4|4|2,6,79,183483,silent,183404
10,10|10|10|4|3|3,6,25,150636,silent,150611
10,10|10|9|9|1|1,6,11,10885,silent,10874
10,10|10|9|8|2|1,6,65,115881,silent,115816
10,10|10|9|7|3|1,6,169,402696,silent,402527
10,10|10|9|7|2|2,6,95,278281,silent,278186
10,10|10|9|6|4|1,6,224,623084,silent,622860
10,10|10|9|6|3|2,6,248,888395,silent,888147
10,10|10|9|5|5|1,6,98,325019,silent,324921
10,10|10|9|5|4|2,6,240,995419,silent,995179
10,10|10|9|5|3|3,6,130,669955,silent,669825
10,10|10|9|4|4|3,6,99,497395,silent,497296
10,10|10|8|8|3|1,6,82,221243,silent,221161
10,10|10|8|8|2|2,6,81,154323,silent,154242
10,10|10|8|7|4|1,6,223,664552,silent,664329
10,10|10|8|7|3|2,6,235,916888,silent,916653
10,10|10|8|6|5|1,6,207,717537,silent,717330
10,10|10|8|6|4|2,6,424,1731773,silent,1731349
10,10|10|8|6|3|3,6,169,1083934,silent,1083765
10,10|10|8|5|5|2,6,164,969554,silent,969390
10,10|10|8|5|4|3,6,266,1632356,silent,1632090
10,10|10|8|4|4|4,6,90,395293,silent,395203
10,10|10|7|7|5|1,6,114,413475,silent,413361
10,10|10|7|7|4|2,6,165,927307,silent,927142
10,10|10|7|7|3|3,6,114,572233,silent,572119
10,10|10|7|6|6|1,6,76,292142,silent,292066
10,10|10|7|6|5|2,6,243,1345505,silent,1345262
10,10|10|7|6|4|3,6,270,1811865,silent,1811595
10,10|10|7|5|5|3,6,152,1189509,silent,1189357
10,10|10|7|5|4|4,6,113,952829,silent,952716
10,10|10|6|6|6|2,6,72,291405,silent,291333
10,10|10|6|6|5|3,6,101,861866,silent,861765
10,10|10|6|6|4|4,6,101,577347,silent,577246
10,10|10|6|5|5|4,6,46,587822,silent,587776
10,10|10|5|5|5|5,6,8,75609,silent,75601
10,10|9|9|9|2|1,6,13,29579,silent,29566
10,10|9|9|8|3|1,6,76,195140,silent,195064
10,10|9|9|8|2|2,6,34,132540,silent,132506
10,10|9|9|7|4|1,6,142,470545,silent,470403
10,10|9|9|7|3|2,6,157,646185,silent,646028
10,10|9|9|6|5|1,6,131,476942,silent,476811
10,10|9|9|6|4|2,6,216,1134711,silent,1134495
10,10|9|9|6|3|3,6,133,714042,silent,713909
10,10|9|9|5|5|2,6,124,625200,silent,625076
10,10|9|9|5|4|3,6,157,1040050,silent,1039893
10,10|9|9|4|4|4,6,27,245062,silent,245035
10,10|9|8|8|4|1,6,106,330838,silent,330732
10,10|9|8|8|3|2,6,111,448041,silent,447930
10,10|9|8|7|5|1,6,185,711889,silent,711704
10,10|9|8|7|4|2,6,309,1570003,silent,1569694
10,10|9|8|7|3|3,6,152,956621,silent,956469
10,10|9|8|6|6|1,6,104,410568,silent,410464
10,10|9|8|6|5|2,6,315,1820859,silent,1820544
10,10|9|8|6|4|3,6,343,2409634,silent,2409291
10,10|9|8|5|5|3,6,180,1483112,silent,1482932
10,10|9|8|5|4|4,6,144,1171906,silent,1171762
10,10|9|7|7|6|1,6,69,318924,silent,318855
10,10|9|7|7|5|2,6,179,1141799,silent,1141620
10,10|9|7|7|4|3,6,181,1417226,silent,1417045
10,10|9|7|6|6|2,6,124,840120,silent,839996
10,10|9|7|6|5|3,6,263,2304763,silent,2304500
10,10|9|7|6|4|4,6,158,1485556,silent,1485398
10,10|9|7|5|5|4,6,113,1236881,silent,1236768
10,10|9|6|6|6|3,6,66,541677,silent,541611
10,10|9|6|6|5|4,6,89,964706,silent,964617
10,10|9|6|5|5|5,6,18,322811,silent,322793
10,10|8|8|8|5|1,6,41,160501,silent,160460
10,10|8|8|8|4|2,6,92,344231,silent,344139
10,10|8|8|8|3|3,6,20,203781,silent,203761
10,10|8|8|7|6|1,6,59,246244,silent,246185
10,10|8|8|7|5|2,6,132,853032,silent,852900
10,10|8|8|7|4|3,6,141,1044371,silent,1044230
10,10|8|8|6|6|2,6,105,524035,silent,523930
10,10|8|8|6|5|3,6,153,1384514,silent,1384361
10,10|8|8|6|4|4,6,127,887542,silent,887415
10,10|8|8|5|5|4,6,49,692206,silent,692157
10,10|8|7|7|7|1,6,16,73306,silent,73290
10,10|8|7|7|6|2,6,59,509559,silent,509500
10,10|8|7|7|5|3,6,119,1101090,silent,1100971
10,10|8|7|7|4|4,6,49,660796,silent,660747
10,10|8|7|6|6|3,6,88,871737,silent,871649
10,10|8|7|6|5|4,6,121,1442583,silent,1442462
10,10|8|7|5|5|5,6,26,387247,silent,387221
10,10|8|6|6|6|4,6,51,407990,silent,407939
10,10|8|6|6|5|5,6,14,350243,silent,350229
10,10|7|7|7|7|2,6,10,59913,silent,59903
10,10|7|7|7|6|3,6,22,267365,silent,267343
10,10|7|7|7|5|4,6,27,354900,silent,354873
10,10|7|7|6|6|4,6,17,326313,silent,326296
10,10|7|7|6|5|5,6,18,269702,silent,269684
10,10|7|6|6|6|5,6,10,123866,silent,123856
10,10|6|6|6|6|6,6,5,10259,silent,10254
