degree,partition,length,rung13,rung14,lmr,witness_ids,conditional_i_pad_floor,certified_i_pad_floor,certified_i_det_upper,exclusion_status,B_predecessor,B_exact_inherited_increment,B_birth_upper,B_bound_kind
25,"(68, 17, 2, 2, 2, 2, 2, 2, 2, 1)",10,False,False,False,,max(0),0,,OPEN,"(64, 17, 2, 2, 2, 2, 2, 2, 2, 1)",,2451037609127250,coarse exact monomial upper bound
25,"(67, 18, 2, 2, 2, 2, 2, 2, 2, 1)",10,False,False,False,,max(0),0,,OPEN,"(63, 18, 2, 2, 2, 2, 2, 2, 2, 1)",,21601034467444575,coarse exact monomial upper bound
25,"(67, 17, 3, 2, 2, 2, 2, 2, 2, 1)",10,False,False,False,,max(0),0,,OPEN,"(63, 17, 3, 2, 2, 2, 2, 2, 2, 1)",,21601034467444575,coarse exact monomial upper bound
25,"(67, 17, 2, 2, 2, 2, 2, 2, 2, 2)",10,False,False,False,,max(0),0,,OPEN,"(63, 17, 2, 2, 2, 2, 2, 2, 2, 2)",,21601034467444575,coarse exact monomial upper bound
25,"(66, 19, 2, 2, 2, 2, 2, 2, 2, 1)",10,False,False,False,,max(0),0,,OPEN,"(62, 19, 2, 2, 2, 2, 2, 2, 2, 1)",,177857017901474175,coarse exact monomial upper bound
25,"(66, 18, 3, 2, 2, 2, 2, 2, 2, 1)",10,False,False,False,,max(0),0,,OPEN,"(62, 18, 3, 2, 2, 2, 2, 2, 2, 1)",,177857017901474175,coarse exact monomial upper bound
25,"(66, 18, 2, 2, 2, 2, 2, 2, 2, 2)",10,False,False,False,,max(0),0,,OPEN,"(62, 18, 2, 2, 2, 2, 2, 2, 2, 2)",,177857017901474175,coarse exact monomial upper bound
25,"(66, 17, 4, 2, 2, 2, 2, 2, 2, 1)",10,False,False,False,,max(0),0,,OPEN,"(62, 17, 4, 2, 2, 2, 2, 2, 2, 1)",,177857017901474175,coarse exact monomial upper bound
25,"(66, 17, 3, 2, 2, 2, 2, 2, 2, 2)",10,False,False,False,,max(0),0,,OPEN,"(62, 17, 3, 2, 2, 2, 2, 2, 2, 2)",,177857017901474175,coarse exact monomial upper bound
25,"(65, 20, 2, 2, 2, 2, 2, 2, 2, 1)",10,False,False,False,,max(0),0,,OPEN,"(61, 20, 2, 2, 2, 2, 2, 2, 2, 1)",,1378562539196430720,coarse exact monomial upper bound
25,"(65, 19, 3, 2, 2, 2, 2, 2, 2, 1)",10,False,False,False,,max(0),0,,OPEN,"(61, 19, 3, 2, 2, 2, 2, 2, 2, 1)",,1378562539196430720,coarse exact monomial upper bound
25,"(65, 19, 2, 2, 2, 2, 2, 2, 2, 2)",10,False,False,False,,max(0),0,,OPEN,"(61, 19, 2, 2, 2, 2, 2, 2, 2, 2)",,1378562539196430720,coarse exact monomial upper bound
25,"(65, 18, 4, 2, 2, 2, 2, 2, 2, 1)",10,False,False,False,,max(0),0,,OPEN,"(61, 18, 4, 2, 2, 2, 2, 2, 2, 1)",,1378562539196430720,coarse exact monomial upper bound
25,"(65, 18, 3, 2, 2, 2, 2, 2, 2, 2)",10,False,False,False,,max(0),0,,OPEN,"(61, 18, 3, 2, 2, 2, 2, 2, 2, 2)",,1378562539196430720,coarse exact monomial upper bound
25,"(65, 17, 5, 2, 2, 2, 2, 2, 2, 1)",10,False,False,False,,max(0),0,,OPEN,"(61, 17, 5, 2, 2, 2, 2, 2, 2, 1)",,1378562539196430720,coarse exact monomial upper bound
25,"(65, 17, 4, 2, 2, 2, 2, 2, 2, 2)",10,False,False,False,,max(0),0,,OPEN,"(61, 17, 4, 2, 2, 2, 2, 2, 2, 2)",,1378562539196430720,coarse exact monomial upper bound
25,"(69, 17, 2, 2, 2, 2, 2, 2, 2)",9,True,True,True,w_12_48;w_11_44;w_1_4,"max(0, p13, p14, p24)",0,1,OPEN,"(65, 17, 2, 2, 2, 2, 2, 2, 2)",0,0,exact inherited ambient increment
25,"(68, 18, 2, 2, 2, 2, 2, 2, 2)",9,False,False,False,,max(0),0,,OPEN,"(64, 18, 2, 2, 2, 2, 2, 2, 2)",,194020527086100,coarse exact monomial upper bound
25,"(68, 17, 3, 2, 2, 2, 2, 2, 2)",9,False,False,False,,max(0),0,,OPEN,"(64, 17, 3, 2, 2, 2, 2, 2, 2)",,194020527086100,coarse exact monomial upper bound
25,"(67, 19, 2, 2, 2, 2, 2, 2, 2)",9,True,True,False,w_12_46_2;w_11_42_2,"max(0, p13, p14)",0,,OPEN,"(63, 19, 2, 2, 2, 2, 2, 2, 2)",1,1,exact inherited ambient increment
25,"(67, 18, 3, 2, 2, 2, 2, 2, 2)",9,False,False,False,,max(0),0,,OPEN,"(63, 18, 3, 2, 2, 2, 2, 2, 2)",,1482636066263352,coarse exact monomial upper bound
25,"(67, 17, 4, 2, 2, 2, 2, 2, 2)",9,False,False,False,,max(0),0,,OPEN,"(63, 17, 4, 2, 2, 2, 2, 2, 2)",,1482636066263352,coarse exact monomial upper bound
25,"(66, 20, 2, 2, 2, 2, 2, 2, 2)",9,True,True,False,w_12_45_3;w_11_41_3,"max(0, p13, p14)",0,,OPEN,"(62, 20, 2, 2, 2, 2, 2, 2, 2)",,10605280109734596,coarse exact monomial upper bound
25,"(66, 19, 3, 2, 2, 2, 2, 2, 2)",9,False,False,False,,max(0),0,,OPEN,"(62, 19, 3, 2, 2, 2, 2, 2, 2)",,10605280109734596,coarse exact monomial upper bound
25,"(66, 18, 4, 2, 2, 2, 2, 2, 2)",9,False,False,False,,max(0),0,,OPEN,"(62, 18, 4, 2, 2, 2, 2, 2, 2)",,10605280109734596,coarse exact monomial upper bound
25,"(66, 17, 5, 2, 2, 2, 2, 2, 2)",9,False,False,False,,max(0),0,,OPEN,"(62, 17, 5, 2, 2, 2, 2, 2, 2)",,10605280109734596,coarse exact monomial upper bound
25,"(65, 21, 2, 2, 2, 2, 2, 2, 2)",9,True,True,False,w_12_44_4;w_11_40_4,"max(0, p13, p14)",0,,OPEN,"(61, 21, 2, 2, 2, 2, 2, 2, 2)",,71533249720465104,coarse exact monomial upper bound
25,"(65, 20, 3, 2, 2, 2, 2, 2, 2)",9,False,False,False,,max(0),0,,OPEN,"(61, 20, 3, 2, 2, 2, 2, 2, 2)",,71533249720465104,coarse exact monomial upper bound
25,"(65, 19, 4, 2, 2, 2, 2, 2, 2)",9,True,True,False,w_12_44_2_2;w_11_40_2_2,"max(0, p13, p14)",0,,OPEN,"(61, 19, 4, 2, 2, 2, 2, 2, 2)",,71533249720465104,coarse exact monomial upper bound
25,"(65, 18, 5, 2, 2, 2, 2, 2, 2)",9,False,False,False,,max(0),0,,OPEN,"(61, 18, 5, 2, 2, 2, 2, 2, 2)",,71533249720465104,coarse exact monomial upper bound
25,"(65, 17, 6, 2, 2, 2, 2, 2, 2)",9,False,False,False,,max(0),0,,OPEN,"(61, 17, 6, 2, 2, 2, 2, 2, 2)",,71533249720465104,coarse exact monomial upper bound
26,"(73, 17, 2, 2, 2, 2, 2, 2, 2)",9,True,True,True,w_13_52;w_12_48;w_2_8,"max(0, p13, p14, p24)",0,1,OPEN,"(69, 17, 2, 2, 2, 2, 2, 2, 2)",0,0,exact inherited ambient increment
26,"(72, 18, 2, 2, 2, 2, 2, 2, 2)",9,False,False,False,,max(0),0,,OPEN,"(68, 18, 2, 2, 2, 2, 2, 2, 2)",,31218089882265,coarse exact monomial upper bound
26,"(72, 17, 3, 2, 2, 2, 2, 2, 2)",9,False,False,False,,max(0),0,,OPEN,"(68, 17, 3, 2, 2, 2, 2, 2, 2)",,31218089882265,coarse exact monomial upper bound
26,"(72, 17, 2, 2, 2, 2, 2, 2, 2, 1)",10,False,False,False,,max(0),0,,OPEN,"(68, 17, 2, 2, 2, 2, 2, 2, 2, 1)",,353430866646000,coarse exact monomial upper bound
26,"(71, 19, 2, 2, 2, 2, 2, 2, 2)",9,True,True,True,w_13_50_2;w_12_46_2;w_2_6_2,"max(0, p13, p14, p24)",0,,OPEN,"(67, 19, 2, 2, 2, 2, 2, 2, 2)",1,1,exact inherited ambient increment
26,"(71, 18, 3, 2, 2, 2, 2, 2, 2)",9,False,False,False,,max(0),0,,OPEN,"(67, 18, 3, 2, 2, 2, 2, 2, 2)",,259153591554000,coarse exact monomial upper bound
26,"(71, 18, 2, 2, 2, 2, 2, 2, 2, 1)",10,False,False,False,,max(0),0,,OPEN,"(67, 18, 2, 2, 2, 2, 2, 2, 2, 1)",,3394106389867050,coarse exact monomial upper bound
26,"(71, 17, 4, 2, 2, 2, 2, 2, 2)",9,False,False,False,,max(0),0,,OPEN,"(67, 17, 4, 2, 2, 2, 2, 2, 2)",,259153591554000,coarse exact monomial upper bound
26,"(71, 17, 3, 2, 2, 2, 2, 2, 2, 1)",10,False,False,False,,max(0),0,,OPEN,"(67, 17, 3, 2, 2, 2, 2, 2, 2, 1)",,3394106389867050,coarse exact monomial upper bound
26,"(71, 17, 2, 2, 2, 2, 2, 2, 2, 2)",10,False,False,False,,max(0),0,,OPEN,"(67, 17, 2, 2, 2, 2, 2, 2, 2, 2)",,3394106389867050,coarse exact monomial upper bound
26,"(70, 20, 2, 2, 2, 2, 2, 2, 2)",9,True,True,False,w_13_49_3;w_12_45_3,"max(0, p13, p14)",0,,OPEN,"(66, 20, 2, 2, 2, 2, 2, 2, 2)",,1995005067927300,coarse exact monomial upper bound
26,"(70, 19, 3, 2, 2, 2, 2, 2, 2)",9,False,False,False,,max(0),0,,OPEN,"(66, 19, 3, 2, 2, 2, 2, 2, 2)",,1995005067927300,coarse exact monomial upper bound
26,"(70, 19, 2, 2, 2, 2, 2, 2, 2, 1)",10,False,False,False,,max(0),0,,OPEN,"(66, 19, 2, 2, 2, 2, 2, 2, 2, 1)",,30160115718007275,coarse exact monomial upper bound
26,"(70, 18, 4, 2, 2, 2, 2, 2, 2)",9,False,False,False,,max(0),0,,OPEN,"(66, 18, 4, 2, 2, 2, 2, 2, 2)",,1995005067927300,coarse exact monomial upper bound
26,"(70, 18, 3, 3, 2, 2, 2, 2, 2)",9,False,False,False,,max(0),0,,OPEN,"(66, 18, 3, 3, 2, 2, 2, 2, 2)",,1995005067927300,coarse exact monomial upper bound
26,"(70, 18, 3, 2, 2, 2, 2, 2, 2, 1)",10,False,False,False,,max(0),0,,OPEN,"(66, 18, 3, 2, 2, 2, 2, 2, 2, 1)",,30160115718007275,coarse exact monomial upper bound
26,"(70, 18, 2, 2, 2, 2, 2, 2, 2, 2)",10,False,False,False,,max(0),0,,OPEN,"(66, 18, 2, 2, 2, 2, 2, 2, 2, 2)",,30160115718007275,coarse exact monomial upper bound
26,"(70, 17, 5, 2, 2, 2, 2, 2, 2)",9,False,False,False,,max(0),0,,OPEN,"(66, 17, 5, 2, 2, 2, 2, 2, 2)",,1995005067927300,coarse exact monomial upper bound
26,"(70, 17, 4, 3, 2, 2, 2, 2, 2)",9,False,False,False,,max(0),0,,OPEN,"(66, 17, 4, 3, 2, 2, 2, 2, 2)",,1995005067927300,coarse exact monomial upper bound
26,"(70, 17, 4, 2, 2, 2, 2, 2, 2, 1)",10,False,False,False,,max(0),0,,OPEN,"(66, 17, 4, 2, 2, 2, 2, 2, 2, 1)",,30160115718007275,coarse exact monomial upper bound
26,"(70, 17, 3, 3, 2, 2, 2, 2, 2, 1)",10,False,False,False,,max(0),0,,OPEN,"(66, 17, 3, 3, 2, 2, 2, 2, 2, 1)",,30160115718007275,coarse exact monomial upper bound
26,"(70, 17, 3, 2, 2, 2, 2, 2, 2, 2)",10,False,False,False,,max(0),0,,OPEN,"(66, 17, 3, 2, 2, 2, 2, 2, 2, 2)",,30160115718007275,coarse exact monomial upper bound
26,"(69, 21, 2, 2, 2, 2, 2, 2, 2)",9,True,True,True,w_13_48_4;w_12_44_4;w_2_4_4,"max(0, p13, p14, p24)",0,,OPEN,"(65, 21, 2, 2, 2, 2, 2, 2, 2)",,14378615656808832,coarse exact monomial upper bound
26,"(69, 20, 3, 2, 2, 2, 2, 2, 2)",9,False,False,False,,max(0),0,,OPEN,"(65, 20, 3, 2, 2, 2, 2, 2, 2)",,14378615656808832,coarse exact monomial upper bound
26,"(69, 20, 2, 2, 2, 2, 2, 2, 2, 1)",10,False,False,False,,max(0),0,,OPEN,"(65, 20, 2, 2, 2, 2, 2, 2, 2, 1)",,250439897936138625,coarse exact monomial upper bound
26,"(69, 19, 4, 2, 2, 2, 2, 2, 2)",9,True,True,False,w_13_48_2_2;w_12_44_2_2,"max(0, p13, p14)",0,,OPEN,"(65, 19, 4, 2, 2, 2, 2, 2, 2)",,14378615656808832,coarse exact monomial upper bound
26,"(69, 19, 3, 3, 2, 2, 2, 2, 2)",9,False,False,False,,max(0),0,,OPEN,"(65, 19, 3, 3, 2, 2, 2, 2, 2)",,14378615656808832,coarse exact monomial upper bound
26,"(69, 19, 3, 2, 2, 2, 2, 2, 2, 1)",10,False,False,False,,max(0),0,,OPEN,"(65, 19, 3, 2, 2, 2, 2, 2, 2, 1)",,250439897936138625,coarse exact monomial upper bound
26,"(69, 19, 2, 2, 2, 2, 2, 2, 2, 2)",10,False,False,False,,max(0),0,,OPEN,"(65, 19, 2, 2, 2, 2, 2, 2, 2, 2)",,250439897936138625,coarse exact monomial upper bound
26,"(69, 18, 5, 2, 2, 2, 2, 2, 2)",9,False,False,False,,max(0),0,,OPEN,"(65, 18, 5, 2, 2, 2, 2, 2, 2)",,14378615656808832,coarse exact monomial upper bound
26,"(69, 18, 4, 3, 2, 2, 2, 2, 2)",9,False,False,False,,max(0),0,,OPEN,"(65, 18, 4, 3, 2, 2, 2, 2, 2)",,14378615656808832,coarse exact monomial upper bound
26,"(69, 18, 4, 2, 2, 2, 2, 2, 2, 1)",10,False,False,False,,max(0),0,,OPEN,"(65, 18, 4, 2, 2, 2, 2, 2, 2, 1)",,250439897936138625,coarse exact monomial upper bound
26,"(69, 18, 3, 3, 2, 2, 2, 2, 2, 1)",10,False,False,False,,max(0),0,,OPEN,"(65, 18, 3, 3, 2, 2, 2, 2, 2, 1)",,250439897936138625,coarse exact monomial upper bound
26,"(69, 18, 3, 2, 2, 2, 2, 2, 2, 2)",10,False,False,False,,max(0),0,,OPEN,"(65, 18, 3, 2, 2, 2, 2, 2, 2, 2)",,250439897936138625,coarse exact monomial upper bound
26,"(69, 17, 6, 2, 2, 2, 2, 2, 2)",9,False,False,False,,max(0),0,,OPEN,"(65, 17, 6, 2, 2, 2, 2, 2, 2)",,14378615656808832,coarse exact monomial upper bound
26,"(69, 17, 5, 3, 2, 2, 2, 2, 2)",9,False,False,False,,max(0),0,,OPEN,"(65, 17, 5, 3, 2, 2, 2, 2, 2)",,14378615656808832,coarse exact monomial upper bound
26,"(69, 17, 5, 2, 2, 2, 2, 2, 2, 1)",10,False,False,False,,max(0),0,,OPEN,"(65, 17, 5, 2, 2, 2, 2, 2, 2, 1)",,250439897936138625,coarse exact monomial upper bound
26,"(69, 17, 4, 4, 2, 2, 2, 2, 2)",9,False,False,False,,max(0),0,,OPEN,"(65, 17, 4, 4, 2, 2, 2, 2, 2)",,14378615656808832,coarse exact monomial upper bound
26,"(69, 17, 4, 3, 2, 2, 2, 2, 2, 1)",10,False,False,False,,max(0),0,,OPEN,"(65, 17, 4, 3, 2, 2, 2, 2, 2, 1)",,250439897936138625,coarse exact monomial upper bound
26,"(69, 17, 4, 2, 2, 2, 2, 2, 2, 2)",10,False,False,False,,max(0),0,,OPEN,"(65, 17, 4, 2, 2, 2, 2, 2, 2, 2)",,250439897936138625,coarse exact monomial upper bound
26,"(69, 17, 3, 3, 2, 2, 2, 2, 2, 2)",10,False,False,False,,max(0),0,,OPEN,"(65, 17, 3, 3, 2, 2, 2, 2, 2, 2)",,250439897936138625,coarse exact monomial upper bound
26,"(68, 22, 2, 2, 2, 2, 2, 2, 2)",9,True,True,False,w_13_47_5;w_12_43_5,"max(0, p13, p14)",0,,OPEN,"(64, 22, 2, 2, 2, 2, 2, 2, 2)",,97742968483698252,coarse exact monomial upper bound
26,"(68, 21, 3, 2, 2, 2, 2, 2, 2)",9,True,True,False,w_13_47_4_1;w_12_43_4_1,"max(0, p13, p14)",0,,OPEN,"(64, 21, 3, 2, 2, 2, 2, 2, 2)",,97742968483698252,coarse exact monomial upper bound
26,"(68, 21, 2, 2, 2, 2, 2, 2, 2, 1)",10,False,False,False,,max(0),0,,OPEN,"(64, 21, 2, 2, 2, 2, 2, 2, 2, 1)",,1958108721985896480,coarse exact monomial upper bound
26,"(68, 20, 4, 2, 2, 2, 2, 2, 2)",9,True,True,False,w_13_47_3_2;w_12_43_3_2,"max(0, p13, p14)",0,,OPEN,"(64, 20, 4, 2, 2, 2, 2, 2, 2)",,97742968483698252,coarse exact monomial upper bound
26,"(68, 20, 3, 3, 2, 2, 2, 2, 2)",9,False,False,False,,max(0),0,,OPEN,"(64, 20, 3, 3, 2, 2, 2, 2, 2)",,97742968483698252,coarse exact monomial upper bound
26,"(68, 20, 3, 2, 2, 2, 2, 2, 2, 1)",10,False,False,False,,max(0),0,,OPEN,"(64, 20, 3, 2, 2, 2, 2, 2, 2, 1)",,1958108721985896480,coarse exact monomial upper bound
26,"(68, 20, 2, 2, 2, 2, 2, 2, 2, 2)",10,False,False,False,,max(0),0,,OPEN,"(64, 20, 2, 2, 2, 2, 2, 2, 2, 2)",,1958108721985896480,coarse exact monomial upper bound
26,"(68, 19, 5, 2, 2, 2, 2, 2, 2)",9,False,False,False,,max(0),0,,OPEN,"(64, 19, 5, 2, 2, 2, 2, 2, 2)",,97742968483698252,coarse exact monomial upper bound
26,"(68, 19, 4, 3, 2, 2, 2, 2, 2)",9,False,False,False,,max(0),0,,OPEN,"(64, 19, 4, 3, 2, 2, 2, 2, 2)",,97742968483698252,coarse exact monomial upper bound
26,"(68, 19, 4, 2, 2, 2, 2, 2, 2, 1)",10,False,False,False,,max(0),0,,OPEN,"(64, 19, 4, 2, 2, 2, 2, 2, 2, 1)",,1958108721985896480,coarse exact monomial upper bound
26,"(68, 19, 3, 3, 2, 2, 2, 2, 2, 1)",10,False,False,False,,max(0),0,,OPEN,"(64, 19, 3, 3, 2, 2, 2, 2, 2, 1)",,1958108721985896480,coarse exact monomial upper bound
26,"(68, 19, 3, 2, 2, 2, 2, 2, 2, 2)",10,False,False,False,,max(0),0,,OPEN,"(64, 19, 3, 2, 2, 2, 2, 2, 2, 2)",,1958108721985896480,coarse exact monomial upper bound
26,"(68, 18, 6, 2, 2, 2, 2, 2, 2)",9,False,False,False,,max(0),0,,OPEN,"(64, 18, 6, 2, 2, 2, 2, 2, 2)",,97742968483698252,coarse exact monomial upper bound
26,"(68, 18, 5, 3, 2, 2, 2, 2, 2)",9,False,False,False,,max(0),0,,OPEN,"(64, 18, 5, 3, 2, 2, 2, 2, 2)",,97742968483698252,coarse exact monomial upper bound
26,"(68, 18, 5, 2, 2, 2, 2, 2, 2, 1)",10,False,False,False,,max(0),0,,OPEN,"(64, 18, 5, 2, 2, 2, 2, 2, 2, 1)",,1958108721985896480,coarse exact monomial upper bound
26,"(68, 18, 4, 4, 2, 2, 2, 2, 2)",9,False,False,False,,max(0),0,,OPEN,"(64, 18, 4, 4, 2, 2, 2, 2, 2)",,97742968483698252,coarse exact monomial upper bound
26,"(68, 18, 4, 3, 2, 2, 2, 2, 2, 1)",10,False,False,False,,max(0),0,,OPEN,"(64, 18, 4, 3, 2, 2, 2, 2, 2, 1)",,1958108721985896480,coarse exact monomial upper bound
26,"(68, 18, 4, 2, 2, 2, 2, 2, 2, 2)",10,False,False,False,,max(0),0,,OPEN,"(64, 18, 4, 2, 2, 2, 2, 2, 2, 2)",,1958108721985896480,coarse exact monomial upper bound
26,"(68, 18, 3, 3, 2, 2, 2, 2, 2, 2)",10,False,False,False,,max(0),0,,OPEN,"(64, 18, 3, 3, 2, 2, 2, 2, 2, 2)",,1958108721985896480,coarse exact monomial upper bound
26,"(68, 17, 7, 2, 2, 2, 2, 2, 2)",9,False,False,False,,max(0),0,,OPEN,"(64, 17, 7, 2, 2, 2, 2, 2, 2)",,97742968483698252,coarse exact monomial upper bound
26,"(68, 17, 6, 3, 2, 2, 2, 2, 2)",9,False,False,False,,max(0),0,,OPEN,"(64, 17, 6, 3, 2, 2, 2, 2, 2)",,97742968483698252,coarse exact monomial upper bound
26,"(68, 17, 6, 2, 2, 2, 2, 2, 2, 1)",10,False,False,False,,max(0),0,,OPEN,"(64, 17, 6, 2, 2, 2, 2, 2, 2, 1)",,1958108721985896480,coarse exact monomial upper bound
26,"(68, 17, 5, 4, 2, 2, 2, 2, 2)",9,False,False,False,,max(0),0,,OPEN,"(64, 17, 5, 4, 2, 2, 2, 2, 2)",,97742968483698252,coarse exact monomial upper bound
26,"(68, 17, 5, 3, 2, 2, 2, 2, 2, 1)",10,False,False,False,,max(0),0,,OPEN,"(64, 17, 5, 3, 2, 2, 2, 2, 2, 1)",,1958108721985896480,coarse exact monomial upper bound
26,"(68, 17, 5, 2, 2, 2, 2, 2, 2, 2)",10,False,False,False,,max(0),0,,OPEN,"(64, 17, 5, 2, 2, 2, 2, 2, 2, 2)",,1958108721985896480,coarse exact monomial upper bound
26,"(68, 17, 4, 4, 2, 2, 2, 2, 2, 1)",10,False,False,False,,max(0),0,,OPEN,"(64, 17, 4, 4, 2, 2, 2, 2, 2, 1)",,1958108721985896480,coarse exact monomial upper bound
26,"(68, 17, 4, 3, 2, 2, 2, 2, 2, 2)",10,False,False,False,,max(0),0,,OPEN,"(64, 17, 4, 3, 2, 2, 2, 2, 2, 2)",,1958108721985896480,coarse exact monomial upper bound
26,"(67, 23, 2, 2, 2, 2, 2, 2, 2)",9,True,True,False,w_13_46_6;w_12_42_6,"max(0, p13, p14)",0,,OPEN,"(63, 23, 2, 2, 2, 2, 2, 2, 2)",,630366508724896944,coarse exact monomial upper bound
26,"(67, 22, 3, 2, 2, 2, 2, 2, 2)",9,True,True,False,w_13_46_5_1;w_12_42_5_1,"max(0, p13, p14)",0,,OPEN,"(63, 22, 3, 2, 2, 2, 2, 2, 2)",,630366508724896944,coarse exact monomial upper bound
26,"(67, 22, 2, 2, 2, 2, 2, 2, 2, 1)",10,False,False,False,,max(0),0,,OPEN,"(63, 22, 2, 2, 2, 2, 2, 2, 2, 1)",,14502597553665012825,coarse exact monomial upper bound
26,"(67, 21, 4, 2, 2, 2, 2, 2, 2)",9,True,True,False,w_13_46_4_2;w_12_42_4_2,"max(0, p13, p14)",0,,OPEN,"(63, 21, 4, 2, 2, 2, 2, 2, 2)",,630366508724896944,coarse exact monomial upper bound
26,"(67, 21, 3, 3, 2, 2, 2, 2, 2)",9,False,False,False,,max(0),0,,OPEN,"(63, 21, 3, 3, 2, 2, 2, 2, 2)",,630366508724896944,coarse exact monomial upper bound
26,"(67, 21, 3, 2, 2, 2, 2, 2, 2, 1)",10,False,False,False,,max(0),0,,OPEN,"(63, 21, 3, 2, 2, 2, 2, 2, 2, 1)",,14502597553665012825,coarse exact monomial upper bound
26,"(67, 21, 2, 2, 2, 2, 2, 2, 2, 2)",10,False,False,False,,max(0),0,,OPEN,"(63, 21, 2, 2, 2, 2, 2, 2, 2, 2)",,14502597553665012825,coarse exact monomial upper bound
26,"(67, 20, 5, 2, 2, 2, 2, 2, 2)",9,False,False,False,,max(0),0,,OPEN,"(63, 20, 5, 2, 2, 2, 2, 2, 2)",,630366508724896944,coarse exact monomial upper bound
26,"(67, 20, 4, 3, 2, 2, 2, 2, 2)",9,False,False,False,,max(0),0,,OPEN,"(63, 20, 4, 3, 2, 2, 2, 2, 2)",,630366508724896944,coarse exact monomial upper bound
26,"(67, 20, 4, 2, 2, 2, 2, 2, 2, 1)",10,False,False,False,,max(0),0,,OPEN,"(63, 20, 4, 2, 2, 2, 2, 2, 2, 1)",,14502597553665012825,coarse exact monomial upper bound
26,"(67, 20, 3, 3, 2, 2, 2, 2, 2, 1)",10,False,False,False,,max(0),0,,OPEN,"(63, 20, 3, 3, 2, 2, 2, 2, 2, 1)",,14502597553665012825,coarse exact monomial upper bound
26,"(67, 20, 3, 2, 2, 2, 2, 2, 2, 2)",10,False,False,False,,max(0),0,,OPEN,"(63, 20, 3, 2, 2, 2, 2, 2, 2, 2)",,14502597553665012825,coarse exact monomial upper bound
26,"(67, 19, 6, 2, 2, 2, 2, 2, 2)",9,False,False,False,,max(0),0,,OPEN,"(63, 19, 6, 2, 2, 2, 2, 2, 2)",,630366508724896944,coarse exact monomial upper bound
26,"(67, 19, 5, 3, 2, 2, 2, 2, 2)",9,False,False,False,,max(0),0,,OPEN,"(63, 19, 5, 3, 2, 2, 2, 2, 2)",,630366508724896944,coarse exact monomial upper bound
26,"(67, 19, 5, 2, 2, 2, 2, 2, 2, 1)",10,False,False,False,,max(0),0,,OPEN,"(63, 19, 5, 2, 2, 2, 2, 2, 2, 1)",,14502597553665012825,coarse exact monomial upper bound
26,"(67, 19, 4, 4, 2, 2, 2, 2, 2)",9,True,True,False,w_13_46_2_2_2;w_12_42_2_2_2,"max(0, p13, p14)",0,,OPEN,"(63, 19, 4, 4, 2, 2, 2, 2, 2)",,630366508724896944,coarse exact monomial upper bound
26,"(67, 19, 4, 3, 2, 2, 2, 2, 2, 1)",10,False,False,False,,max(0),0,,OPEN,"(63, 19, 4, 3, 2, 2, 2, 2, 2, 1)",,14502597553665012825,coarse exact monomial upper bound
26,"(67, 19, 4, 2, 2, 2, 2, 2, 2, 2)",10,False,False,False,,max(0),0,,OPEN,"(63, 19, 4, 2, 2, 2, 2, 2, 2, 2)",,14502597553665012825,coarse exact monomial upper bound
26,"(67, 19, 3, 3, 2, 2, 2, 2, 2, 2)",10,False,False,False,,max(0),0,,OPEN,"(63, 19, 3, 3, 2, 2, 2, 2, 2, 2)",,14502597553665012825,coarse exact monomial upper bound
26,"(67, 18, 7, 2, 2, 2, 2, 2, 2)",9,False,False,False,,max(0),0,,OPEN,"(63, 18, 7, 2, 2, 2, 2, 2, 2)",,630366508724896944,coarse exact monomial upper bound
26,"(67, 18, 6, 3, 2, 2, 2, 2, 2)",9,False,False,False,,max(0),0,,OPEN,"(63, 18, 6, 3, 2, 2, 2, 2, 2)",,630366508724896944,coarse exact monomial upper bound
26,"(67, 18, 6, 2, 2, 2, 2, 2, 2, 1)",10,False,False,False,,max(0),0,,OPEN,"(63, 18, 6, 2, 2, 2, 2, 2, 2, 1)",,14502597553665012825,coarse exact monomial upper bound
26,"(67, 18, 5, 4, 2, 2, 2, 2, 2)",9,False,False,False,,max(0),0,,OPEN,"(63, 18, 5, 4, 2, 2, 2, 2, 2)",,630366508724896944,coarse exact monomial upper bound
26,"(67, 18, 5, 3, 2, 2, 2, 2, 2, 1)",10,False,False,False,,max(0),0,,OPEN,"(63, 18, 5, 3, 2, 2, 2, 2, 2, 1)",,14502597553665012825,coarse exact monomial upper bound
26,"(67, 18, 5, 2, 2, 2, 2, 2, 2, 2)",10,False,False,False,,max(0),0,,OPEN,"(63, 18, 5, 2, 2, 2, 2, 2, 2, 2)",,14502597553665012825,coarse exact monomial upper bound
26,"(67, 18, 4, 4, 2, 2, 2, 2, 2, 1)",10,False,False,False,,max(0),0,,OPEN,"(63, 18, 4, 4, 2, 2, 2, 2, 2, 1)",,14502597553665012825,coarse exact monomial upper bound
26,"(67, 18, 4, 3, 2, 2, 2, 2, 2, 2)",10,False,False,False,,max(0),0,,OPEN,"(63, 18, 4, 3, 2, 2, 2, 2, 2, 2)",,14502597553665012825,coarse exact monomial upper bound
26,"(67, 17, 8, 2, 2, 2, 2, 2, 2)",9,False,False,False,,max(0),0,,OPEN,"(63, 17, 8, 2, 2, 2, 2, 2, 2)",,630366508724896944,coarse exact monomial upper bound
26,"(67, 17, 7, 3, 2, 2, 2, 2, 2)",9,False,False,False,,max(0),0,,OPEN,"(63, 17, 7, 3, 2, 2, 2, 2, 2)",,630366508724896944,coarse exact monomial upper bound
26,"(67, 17, 7, 2, 2, 2, 2, 2, 2, 1)",10,False,False,False,,max(0),0,,OPEN,"(63, 17, 7, 2, 2, 2, 2, 2, 2, 1)",,14502597553665012825,coarse exact monomial upper bound
26,"(67, 17, 6, 4, 2, 2, 2, 2, 2)",9,False,False,False,,max(0),0,,OPEN,"(63, 17, 6, 4, 2, 2, 2, 2, 2)",,630366508724896944,coarse exact monomial upper bound
26,"(67, 17, 6, 3, 2, 2, 2, 2, 2, 1)",10,False,False,False,,max(0),0,,OPEN,"(63, 17, 6, 3, 2, 2, 2, 2, 2, 1)",,14502597553665012825,coarse exact monomial upper bound
26,"(67, 17, 6, 2, 2, 2, 2, 2, 2, 2)",10,False,False,False,,max(0),0,,OPEN,"(63, 17, 6, 2, 2, 2, 2, 2, 2, 2)",,14502597553665012825,coarse exact monomial upper bound
26,"(67, 17, 5, 4, 2, 2, 2, 2, 2, 1)",10,False,False,False,,max(0),0,,OPEN,"(63, 17, 5, 4, 2, 2, 2, 2, 2, 1)",,14502597553665012825,coarse exact monomial upper bound
26,"(67, 17, 5, 3, 2, 2, 2, 2, 2, 2)",10,False,False,False,,max(0),0,,OPEN,"(63, 17, 5, 3, 2, 2, 2, 2, 2, 2)",,14502597553665012825,coarse exact monomial upper bound
26,"(67, 17, 4, 4, 2, 2, 2, 2, 2, 2)",10,False,False,False,,max(0),0,,OPEN,"(63, 17, 4, 4, 2, 2, 2, 2, 2, 2)",,14502597553665012825,coarse exact monomial upper bound
26,"(66, 24, 2, 2, 2, 2, 2, 2, 2)",9,True,True,False,w_13_45_7;w_12_41_7,"max(0, p13, p14)",0,,OPEN,"(62, 24, 2, 2, 2, 2, 2, 2, 2)",,3875225466500603280,coarse exact monomial upper bound
26,"(66, 23, 3, 2, 2, 2, 2, 2, 2)",9,True,True,False,w_13_45_6_1;w_12_41_6_1,"max(0, p13, p14)",0,,OPEN,"(62, 23, 3, 2, 2, 2, 2, 2, 2)",,3875225466500603280,coarse exact monomial upper bound
26,"(66, 23, 2, 2, 2, 2, 2, 2, 2, 1)",10,False,False,False,,max(0),0,,OPEN,"(62, 23, 2, 2, 2, 2, 2, 2, 2, 1)",,102245008116551614875,coarse exact monomial upper bound
26,"(66, 22, 4, 2, 2, 2, 2, 2, 2)",9,True,True,False,w_13_45_5_2;w_12_41_5_2,"max(0, p13, p14)",0,,OPEN,"(62, 22, 4, 2, 2, 2, 2, 2, 2)",,3875225466500603280,coarse exact monomial upper bound
26,"(66, 22, 3, 3, 2, 2, 2, 2, 2)",9,False,False,False,,max(0),0,,OPEN,"(62, 22, 3, 3, 2, 2, 2, 2, 2)",,3875225466500603280,coarse exact monomial upper bound
26,"(66, 22, 3, 2, 2, 2, 2, 2, 2, 1)",10,False,False,False,,max(0),0,,OPEN,"(62, 22, 3, 2, 2, 2, 2, 2, 2, 1)",,102245008116551614875,coarse exact monomial upper bound
26,"(66, 22, 2, 2, 2, 2, 2, 2, 2, 2)",10,False,False,False,,max(0),0,,OPEN,"(62, 22, 2, 2, 2, 2, 2, 2, 2, 2)",,102245008116551614875,coarse exact monomial upper bound
26,"(66, 21, 5, 2, 2, 2, 2, 2, 2)",9,True,True,False,w_13_45_4_3;w_12_41_4_3,"max(0, p13, p14)",0,,OPEN,"(62, 21, 5, 2, 2, 2, 2, 2, 2)",,3875225466500603280,coarse exact monomial upper bound
26,"(66, 21, 4, 3, 2, 2, 2, 2, 2)",9,True,True,False,w_13_45_4_2_1;w_12_41_4_2_1,"max(0, p13, p14)",0,,OPEN,"(62, 21, 4, 3, 2, 2, 2, 2, 2)",,3875225466500603280,coarse exact monomial upper bound
26,"(66, 21, 4, 2, 2, 2, 2, 2, 2, 1)",10,False,False,False,,max(0),0,,OPEN,"(62, 21, 4, 2, 2, 2, 2, 2, 2, 1)",,102245008116551614875,coarse exact monomial upper bound
26,"(66, 21, 3, 3, 2, 2, 2, 2, 2, 1)",10,False,False,False,,max(0),0,,OPEN,"(62, 21, 3, 3, 2, 2, 2, 2, 2, 1)",,102245008116551614875,coarse exact monomial upper bound
26,"(66, 21, 3, 2, 2, 2, 2, 2, 2, 2)",10,False,False,False,,max(0),0,,OPEN,"(62, 21, 3, 2, 2, 2, 2, 2, 2, 2)",,102245008116551614875,coarse exact monomial upper bound
26,"(66, 20, 6, 2, 2, 2, 2, 2, 2)",9,False,False,False,,max(0),0,,OPEN,"(62, 20, 6, 2, 2, 2, 2, 2, 2)",,3875225466500603280,coarse exact monomial upper bound
26,"(66, 20, 5, 3, 2, 2, 2, 2, 2)",9,False,False,False,,max(0),0,,OPEN,"(62, 20, 5, 3, 2, 2, 2, 2, 2)",,3875225466500603280,coarse exact monomial upper bound
26,"(66, 20, 5, 2, 2, 2, 2, 2, 2, 1)",10,False,False,False,,max(0),0,,OPEN,"(62, 20, 5, 2, 2, 2, 2, 2, 2, 1)",,102245008116551614875,coarse exact monomial upper bound
26,"(66, 20, 4, 4, 2, 2, 2, 2, 2)",9,True,True,False,w_13_45_3_2_2;w_12_41_3_2_2,"max(0, p13, p14)",0,,OPEN,"(62, 20, 4, 4, 2, 2, 2, 2, 2)",,3875225466500603280,coarse exact monomial upper bound
26,"(66, 20, 4, 3, 2, 2, 2, 2, 2, 1)",10,False,False,False,,max(0),0,,OPEN,"(62, 20, 4, 3, 2, 2, 2, 2, 2, 1)",,102245008116551614875,coarse exact monomial upper bound
26,"(66, 20, 4, 2, 2, 2, 2, 2, 2, 2)",10,False,False,False,,max(0),0,,OPEN,"(62, 20, 4, 2, 2, 2, 2, 2, 2, 2)",,102245008116551614875,coarse exact monomial upper bound
26,"(66, 20, 3, 3, 2, 2, 2, 2, 2, 2)",10,False,False,False,,max(0),0,,OPEN,"(62, 20, 3, 3, 2, 2, 2, 2, 2, 2)",,102245008116551614875,coarse exact monomial upper bound
26,"(66, 19, 7, 2, 2, 2, 2, 2, 2)",9,False,False,False,,max(0),0,,OPEN,"(62, 19, 7, 2, 2, 2, 2, 2, 2)",,3875225466500603280,coarse exact monomial upper bound
26,"(66, 19, 6, 3, 2, 2, 2, 2, 2)",9,False,False,False,,max(0),0,,OPEN,"(62, 19, 6, 3, 2, 2, 2, 2, 2)",,3875225466500603280,coarse exact monomial upper bound
26,"(66, 19, 6, 2, 2, 2, 2, 2, 2, 1)",10,False,False,False,,max(0),0,,OPEN,"(62, 19, 6, 2, 2, 2, 2, 2, 2, 1)",,102245008116551614875,coarse exact monomial upper bound
26,"(66, 19, 5, 4, 2, 2, 2, 2, 2)",9,False,False,False,,max(0),0,,OPEN,"(62, 19, 5, 4, 2, 2, 2, 2, 2)",,3875225466500603280,coarse exact monomial upper bound
26,"(66, 19, 5, 3, 2, 2, 2, 2, 2, 1)",10,False,False,False,,max(0),0,,OPEN,"(62, 19, 5, 3, 2, 2, 2, 2, 2, 1)",,102245008116551614875,coarse exact monomial upper bound
26,"(66, 19, 5, 2, 2, 2, 2, 2, 2, 2)",10,False,False,False,,max(0),0,,OPEN,"(62, 19, 5, 2, 2, 2, 2, 2, 2, 2)",,102245008116551614875,coarse exact monomial upper bound
26,"(66, 19, 4, 4, 2, 2, 2, 2, 2, 1)",10,False,False,False,,max(0),0,,OPEN,"(62, 19, 4, 4, 2, 2, 2, 2, 2, 1)",,102245008116551614875,coarse exact monomial upper bound
26,"(66, 19, 4, 3, 2, 2, 2, 2, 2, 2)",10,False,False,False,,max(0),0,,OPEN,"(62, 19, 4, 3, 2, 2, 2, 2, 2, 2)",,102245008116551614875,coarse exact monomial upper bound
26,"(66, 18, 8, 2, 2, 2, 2, 2, 2)",9,False,False,False,,max(0),0,,OPEN,"(62, 18, 8, 2, 2, 2, 2, 2, 2)",,3875225466500603280,coarse exact monomial upper bound
26,"(66, 18, 7, 3, 2, 2, 2, 2, 2)",9,False,False,False,,max(0),0,,OPEN,"(62, 18, 7, 3, 2, 2, 2, 2, 2)",,3875225466500603280,coarse exact monomial upper bound
26,"(66, 18, 7, 2, 2, 2, 2, 2, 2, 1)",10,False,False,False,,max(0),0,,OPEN,"(62, 18, 7, 2, 2, 2, 2, 2, 2, 1)",,102245008116551614875,coarse exact monomial upper bound
26,"(66, 18, 6, 4, 2, 2, 2, 2, 2)",9,False,False,False,,max(0),0,,OPEN,"(62, 18, 6, 4, 2, 2, 2, 2, 2)",,3875225466500603280,coarse exact monomial upper bound
26,"(66, 18, 6, 3, 2, 2, 2, 2, 2, 1)",10,False,False,False,,max(0),0,,OPEN,"(62, 18, 6, 3, 2, 2, 2, 2, 2, 1)",,102245008116551614875,coarse exact monomial upper bound
26,"(66, 18, 6, 2, 2, 2, 2, 2, 2, 2)",10,False,False,False,,max(0),0,,OPEN,"(62, 18, 6, 2, 2, 2, 2, 2, 2, 2)",,102245008116551614875,coarse exact monomial upper bound
26,"(66, 18, 5, 5, 2, 2, 2, 2, 2)",9,False,False,False,,max(0),0,,OPEN,"(62, 18, 5, 5, 2, 2, 2, 2, 2)",,3875225466500603280,coarse exact monomial upper bound
26,"(66, 18, 5, 4, 2, 2, 2, 2, 2, 1)",10,False,False,False,,max(0),0,,OPEN,"(62, 18, 5, 4, 2, 2, 2, 2, 2, 1)",,102245008116551614875,coarse exact monomial upper bound
26,"(66, 18, 5, 3, 2, 2, 2, 2, 2, 2)",10,False,False,False,,max(0),0,,OPEN,"(62, 18, 5, 3, 2, 2, 2, 2, 2, 2)",,102245008116551614875,coarse exact monomial upper bound
26,"(66, 18, 4, 4, 2, 2, 2, 2, 2, 2)",10,False,False,False,,max(0),0,,OPEN,"(62, 18, 4, 4, 2, 2, 2, 2, 2, 2)",,102245008116551614875,coarse exact monomial upper bound
26,"(66, 17, 9, 2, 2, 2, 2, 2, 2)",9,False,False,False,,max(0),0,,OPEN,"(62, 17, 9, 2, 2, 2, 2, 2, 2)",,3875225466500603280,coarse exact monomial upper bound
26,"(66, 17, 8, 3, 2, 2, 2, 2, 2)",9,False,False,False,,max(0),0,,OPEN,"(62, 17, 8, 3, 2, 2, 2, 2, 2)",,3875225466500603280,coarse exact monomial upper bound
26,"(66, 17, 8, 2, 2, 2, 2, 2, 2, 1)",10,False,False,False,,max(0),0,,OPEN,"(62, 17, 8, 2, 2, 2, 2, 2, 2, 1)",,102245008116551614875,coarse exact monomial upper bound
26,"(66, 17, 7, 4, 2, 2, 2, 2, 2)",9,False,False,False,,max(0),0,,OPEN,"(62, 17, 7, 4, 2, 2, 2, 2, 2)",,3875225466500603280,coarse exact monomial upper bound
26,"(66, 17, 7, 3, 2, 2, 2, 2, 2, 1)",10,False,False,False,,max(0),0,,OPEN,"(62, 17, 7, 3, 2, 2, 2, 2, 2, 1)",,102245008116551614875,coarse exact monomial upper bound
26,"(66, 17, 7, 2, 2, 2, 2, 2, 2, 2)",10,False,False,False,,max(0),0,,OPEN,"(62, 17, 7, 2, 2, 2, 2, 2, 2, 2)",,102245008116551614875,coarse exact monomial upper bound
26,"(66, 17, 6, 5, 2, 2, 2, 2, 2)",9,False,False,False,,max(0),0,,OPEN,"(62, 17, 6, 5, 2, 2, 2, 2, 2)",,3875225466500603280,coarse exact monomial upper bound
26,"(66, 17, 6, 4, 2, 2, 2, 2, 2, 1)",10,False,False,False,,max(0),0,,OPEN,"(62, 17, 6, 4, 2, 2, 2, 2, 2, 1)",,102245008116551614875,coarse exact monomial upper bound
26,"(66, 17, 6, 3, 2, 2, 2, 2, 2, 2)",10,False,False,False,,max(0),0,,OPEN,"(62, 17, 6, 3, 2, 2, 2, 2, 2, 2)",,102245008116551614875,coarse exact monomial upper bound
26,"(66, 17, 5, 5, 2, 2, 2, 2, 2, 1)",10,False,False,False,,max(0),0,,OPEN,"(62, 17, 5, 5, 2, 2, 2, 2, 2, 1)",,102245008116551614875,coarse exact monomial upper bound
26,"(66, 17, 5, 4, 2, 2, 2, 2, 2, 2)",10,False,False,False,,max(0),0,,OPEN,"(62, 17, 5, 4, 2, 2, 2, 2, 2, 2)",,102245008116551614875,coarse exact monomial upper bound
26,"(65, 25, 2, 2, 2, 2, 2, 2, 2)",9,True,True,False,w_13_44_8;w_12_40_8,"max(0, p13, p14)",0,,OPEN,"(61, 25, 2, 2, 2, 2, 2, 2, 2)",,22797676984067292240,coarse exact monomial upper bound
26,"(65, 24, 3, 2, 2, 2, 2, 2, 2)",9,True,True,False,w_13_44_7_1;w_12_40_7_1,"max(0, p13, p14)",0,,OPEN,"(61, 24, 3, 2, 2, 2, 2, 2, 2)",,22797676984067292240,coarse exact monomial upper bound
26,"(65, 24, 2, 2, 2, 2, 2, 2, 2, 1)",10,False,False,False,,max(0),0,,OPEN,"(61, 24, 2, 2, 2, 2, 2, 2, 2, 1)",,688909497685201096650,coarse exact monomial upper bound
26,"(65, 23, 4, 2, 2, 2, 2, 2, 2)",9,True,True,False,w_13_44_6_2;w_12_40_6_2,"max(0, p13, p14)",0,,OPEN,"(61, 23, 4, 2, 2, 2, 2, 2, 2)",,22797676984067292240,coarse exact monomial upper bound
26,"(65, 23, 3, 2, 2, 2, 2, 2, 2, 1)",10,False,False,False,,max(0),0,,OPEN,"(61, 23, 3, 2, 2, 2, 2, 2, 2, 1)",,688909497685201096650,coarse exact monomial upper bound
26,"(65, 23, 2, 2, 2, 2, 2, 2, 2, 2)",10,False,False,False,,max(0),0,,OPEN,"(61, 23, 2, 2, 2, 2, 2, 2, 2, 2)",,688909497685201096650,coarse exact monomial upper bound
26,"(65, 22, 5, 2, 2, 2, 2, 2, 2)",9,True,True,False,w_13_44_5_3;w_12_40_5_3,"max(0, p13, p14)",0,,OPEN,"(61, 22, 5, 2, 2, 2, 2, 2, 2)",,22797676984067292240,coarse exact monomial upper bound
26,"(65, 22, 4, 3, 2, 2, 2, 2, 2)",9,True,True,False,w_13_44_5_2_1;w_12_40_5_2_1,"max(0, p13, p14)",0,,OPEN,"(61, 22, 4, 3, 2, 2, 2, 2, 2)",,22797676984067292240,coarse exact monomial upper bound
26,"(65, 22, 4, 2, 2, 2, 2, 2, 2, 1)",10,False,False,False,,max(0),0,,OPEN,"(61, 22, 4, 2, 2, 2, 2, 2, 2, 1)",,688909497685201096650,coarse exact monomial upper bound
26,"(65, 22, 3, 3, 2, 2, 2, 2, 2, 1)",10,False,False,False,,max(0),0,,OPEN,"(61, 22, 3, 3, 2, 2, 2, 2, 2, 1)",,688909497685201096650,coarse exact monomial upper bound
26,"(65, 22, 3, 2, 2, 2, 2, 2, 2, 2)",10,False,False,False,,max(0),0,,OPEN,"(61, 22, 3, 2, 2, 2, 2, 2, 2, 2)",,688909497685201096650,coarse exact monomial upper bound
26,"(65, 21, 6, 2, 2, 2, 2, 2, 2)",9,True,True,False,w_13_44_4_4;w_12_40_4_4,"max(0, p13, p14)",0,,OPEN,"(61, 21, 6, 2, 2, 2, 2, 2, 2)",,22797676984067292240,coarse exact monomial upper bound
26,"(65, 21, 5, 3, 2, 2, 2, 2, 2)",9,True,True,False,w_13_44_4_3_1;w_12_40_4_3_1,"max(0, p13, p14)",0,,OPEN,"(61, 21, 5, 3, 2, 2, 2, 2, 2)",,22797676984067292240,coarse exact monomial upper bound
26,"(65, 21, 5, 2, 2, 2, 2, 2, 2, 1)",10,False,False,False,,max(0),0,,OPEN,"(61, 21, 5, 2, 2, 2, 2, 2, 2, 1)",,688909497685201096650,coarse exact monomial upper bound
26,"(65, 21, 4, 4, 2, 2, 2, 2, 2)",9,True,True,False,w_13_44_4_2_2;w_12_40_4_2_2,"max(0, p13, p14)",0,,OPEN,"(61, 21, 4, 4, 2, 2, 2, 2, 2)",,22797676984067292240,coarse exact monomial upper bound
26,"(65, 21, 4, 3, 2, 2, 2, 2, 2, 1)",10,False,False,False,,max(0),0,,OPEN,"(61, 21, 4, 3, 2, 2, 2, 2, 2, 1)",,688909497685201096650,coarse exact monomial upper bound
26,"(65, 21, 4, 2, 2, 2, 2, 2, 2, 2)",10,False,False,False,,max(0),0,,OPEN,"(61, 21, 4, 2, 2, 2, 2, 2, 2, 2)",,688909497685201096650,coarse exact monomial upper bound
26,"(65, 21, 3, 3, 2, 2, 2, 2, 2, 2)",10,False,False,False,,max(0),0,,OPEN,"(61, 21, 3, 3, 2, 2, 2, 2, 2, 2)",,688909497685201096650,coarse exact monomial upper bound
26,"(65, 20, 7, 2, 2, 2, 2, 2, 2)",9,False,False,False,,max(0),0,,OPEN,"(61, 20, 7, 2, 2, 2, 2, 2, 2)",,22797676984067292240,coarse exact monomial upper bound
26,"(65, 20, 6, 3, 2, 2, 2, 2, 2)",9,False,False,False,,max(0),0,,OPEN,"(61, 20, 6, 3, 2, 2, 2, 2, 2)",,22797676984067292240,coarse exact monomial upper bound
26,"(65, 20, 6, 2, 2, 2, 2, 2, 2, 1)",10,False,False,False,,max(0),0,,OPEN,"(61, 20, 6, 2, 2, 2, 2, 2, 2, 1)",,688909497685201096650,coarse exact monomial upper bound
26,"(65, 20, 5, 4, 2, 2, 2, 2, 2)",9,False,False,False,,max(0),0,,OPEN,"(61, 20, 5, 4, 2, 2, 2, 2, 2)",,22797676984067292240,coarse exact monomial upper bound
26,"(65, 20, 5, 3, 2, 2, 2, 2, 2, 1)",10,False,False,False,,max(0),0,,OPEN,"(61, 20, 5, 3, 2, 2, 2, 2, 2, 1)",,688909497685201096650,coarse exact monomial upper bound
26,"(65, 20, 5, 2, 2, 2, 2, 2, 2, 2)",10,False,False,False,,max(0),0,,OPEN,"(61, 20, 5, 2, 2, 2, 2, 2, 2, 2)",,688909497685201096650,coarse exact monomial upper bound
26,"(65, 20, 4, 4, 2, 2, 2, 2, 2, 1)",10,False,False,False,,max(0),0,,OPEN,"(61, 20, 4, 4, 2, 2, 2, 2, 2, 1)",,688909497685201096650,coarse exact monomial upper bound
26,"(65, 20, 4, 3, 2, 2, 2, 2, 2, 2)",10,False,False,False,,max(0),0,,OPEN,"(61, 20, 4, 3, 2, 2, 2, 2, 2, 2)",,688909497685201096650,coarse exact monomial upper bound
26,"(65, 19, 8, 2, 2, 2, 2, 2, 2)",9,False,False,False,,max(0),0,,OPEN,"(61, 19, 8, 2, 2, 2, 2, 2, 2)",,22797676984067292240,coarse exact monomial upper bound
26,"(65, 19, 7, 3, 2, 2, 2, 2, 2)",9,False,False,False,,max(0),0,,OPEN,"(61, 19, 7, 3, 2, 2, 2, 2, 2)",,22797676984067292240,coarse exact monomial upper bound
26,"(65, 19, 7, 2, 2, 2, 2, 2, 2, 1)",10,False,False,False,,max(0),0,,OPEN,"(61, 19, 7, 2, 2, 2, 2, 2, 2, 1)",,688909497685201096650,coarse exact monomial upper bound
26,"(65, 19, 6, 4, 2, 2, 2, 2, 2)",9,False,False,False,,max(0),0,,OPEN,"(61, 19, 6, 4, 2, 2, 2, 2, 2)",,22797676984067292240,coarse exact monomial upper bound
26,"(65, 19, 6, 3, 2, 2, 2, 2, 2, 1)",10,False,False,False,,max(0),0,,OPEN,"(61, 19, 6, 3, 2, 2, 2, 2, 2, 1)",,688909497685201096650,coarse exact monomial upper bound
26,"(65, 19, 6, 2, 2, 2, 2, 2, 2, 2)",10,False,False,False,,max(0),0,,OPEN,"(61, 19, 6, 2, 2, 2, 2, 2, 2, 2)",,688909497685201096650,coarse exact monomial upper bound
26,"(65, 19, 5, 4, 2, 2, 2, 2, 2, 1)",10,False,False,False,,max(0),0,,OPEN,"(61, 19, 5, 4, 2, 2, 2, 2, 2, 1)",,688909497685201096650,coarse exact monomial upper bound
26,"(65, 19, 5, 3, 2, 2, 2, 2, 2, 2)",10,False,False,False,,max(0),0,,OPEN,"(61, 19, 5, 3, 2, 2, 2, 2, 2, 2)",,688909497685201096650,coarse exact monomial upper bound
26,"(65, 19, 4, 4, 2, 2, 2, 2, 2, 2)",10,False,False,False,,max(0),0,,OPEN,"(61, 19, 4, 4, 2, 2, 2, 2, 2, 2)",,688909497685201096650,coarse exact monomial upper bound
26,"(65, 18, 9, 2, 2, 2, 2, 2, 2)",9,False,False,False,,max(0),0,,OPEN,"(61, 18, 9, 2, 2, 2, 2, 2, 2)",,22797676984067292240,coarse exact monomial upper bound
26,"(65, 18, 8, 3, 2, 2, 2, 2, 2)",9,False,False,False,,max(0),0,,OPEN,"(61, 18, 8, 3, 2, 2, 2, 2, 2)",,22797676984067292240,coarse exact monomial upper bound
26,"(65, 18, 8, 2, 2, 2, 2, 2, 2, 1)",10,False,False,False,,max(0),0,,OPEN,"(61, 18, 8, 2, 2, 2, 2, 2, 2, 1)",,688909497685201096650,coarse exact monomial upper bound
26,"(65, 18, 7, 4, 2, 2, 2, 2, 2)",9,False,False,False,,max(0),0,,OPEN,"(61, 18, 7, 4, 2, 2, 2, 2, 2)",,22797676984067292240,coarse exact monomial upper bound
26,"(65, 18, 7, 3, 2, 2, 2, 2, 2, 1)",10,False,False,False,,max(0),0,,OPEN,"(61, 18, 7, 3, 2, 2, 2, 2, 2, 1)",,688909497685201096650,coarse exact monomial upper bound
26,"(65, 18, 7, 2, 2, 2, 2, 2, 2, 2)",10,False,False,False,,max(0),0,,OPEN,"(61, 18, 7, 2, 2, 2, 2, 2, 2, 2)",,688909497685201096650,coarse exact monomial upper bound
26,"(65, 18, 6, 5, 2, 2, 2, 2, 2)",9,False,False,False,,max(0),0,,OPEN,"(61, 18, 6, 5, 2, 2, 2, 2, 2)",,22797676984067292240,coarse exact monomial upper bound
26,"(65, 18, 6, 4, 2, 2, 2, 2, 2, 1)",10,False,False,False,,max(0),0,,OPEN,"(61, 18, 6, 4, 2, 2, 2, 2, 2, 1)",,688909497685201096650,coarse exact monomial upper bound
26,"(65, 18, 6, 3, 2, 2, 2, 2, 2, 2)",10,False,False,False,,max(0),0,,OPEN,"(61, 18, 6, 3, 2, 2, 2, 2, 2, 2)",,688909497685201096650,coarse exact monomial upper bound
26,"(65, 18, 5, 5, 2, 2, 2, 2, 2, 1)",10,False,False,False,,max(0),0,,OPEN,"(61, 18, 5, 5, 2, 2, 2, 2, 2, 1)",,688909497685201096650,coarse exact monomial upper bound
26,"(65, 18, 5, 4, 2, 2, 2, 2, 2, 2)",10,False,False,False,,max(0),0,,OPEN,"(61, 18, 5, 4, 2, 2, 2, 2, 2, 2)",,688909497685201096650,coarse exact monomial upper bound
26,"(65, 17, 10, 2, 2, 2, 2, 2, 2)",9,False,False,False,,max(0),0,,OPEN,"(61, 17, 10, 2, 2, 2, 2, 2, 2)",,22797676984067292240,coarse exact monomial upper bound
26,"(65, 17, 9, 2, 2, 2, 2, 2, 2, 1)",10,False,False,False,,max(0),0,,OPEN,"(61, 17, 9, 2, 2, 2, 2, 2, 2, 1)",,688909497685201096650,coarse exact monomial upper bound
26,"(65, 17, 8, 4, 2, 2, 2, 2, 2)",9,False,False,False,,max(0),0,,OPEN,"(61, 17, 8, 4, 2, 2, 2, 2, 2)",,22797676984067292240,coarse exact monomial upper bound
26,"(65, 17, 8, 3, 2, 2, 2, 2, 2, 1)",10,False,False,False,,max(0),0,,OPEN,"(61, 17, 8, 3, 2, 2, 2, 2, 2, 1)",,688909497685201096650,coarse exact monomial upper bound
26,"(65, 17, 8, 2, 2, 2, 2, 2, 2, 2)",10,False,False,False,,max(0),0,,OPEN,"(61, 17, 8, 2, 2, 2, 2, 2, 2, 2)",,688909497685201096650,coarse exact monomial upper bound
26,"(65, 17, 7, 4, 2, 2, 2, 2, 2, 1)",10,False,False,False,,max(0),0,,OPEN,"(61, 17, 7, 4, 2, 2, 2, 2, 2, 1)",,688909497685201096650,coarse exact monomial upper bound
26,"(65, 17, 7, 3, 2, 2, 2, 2, 2, 2)",10,False,False,False,,max(0),0,,OPEN,"(61, 17, 7, 3, 2, 2, 2, 2, 2, 2)",,688909497685201096650,coarse exact monomial upper bound
26,"(65, 17, 6, 6, 2, 2, 2, 2, 2)",9,False,False,False,,max(0),0,,OPEN,"(61, 17, 6, 6, 2, 2, 2, 2, 2)",,22797676984067292240,coarse exact monomial upper bound
26,"(65, 17, 6, 5, 2, 2, 2, 2, 2, 1)",10,False,False,False,,max(0),0,,OPEN,"(61, 17, 6, 5, 2, 2, 2, 2, 2, 1)",,688909497685201096650,coarse exact monomial upper bound
26,"(65, 17, 6, 4, 2, 2, 2, 2, 2, 2)",10,False,False,False,,max(0),0,,OPEN,"(61, 17, 6, 4, 2, 2, 2, 2, 2, 2)",,688909497685201096650,coarse exact monomial upper bound
