delta,lam,ell,a,m_det,det_units_lb
5,4|4|4|4|4,5,1,5,-4
5,12|2|2|2|2,5,1,8,-7
5,9|7|2|1|1,5,1,15,-14
5,7|7|4|1|1,5,1,19,-18
5,8|5|5|1|1,5,1,23,-22
5,8|7|3|1|1,5,1,23,-22
5,7|4|4|4|1,5,1,25,-24
5,11|4|2|2|1,5,1,25,-24
5,10|5|3|1|1,5,1,32,-31
5,6|4|4|4|2,5,1,34,-33
5,9|5|4|1|1,5,1,35,-34
5,10|4|2|2|2,5,1,35,-34
5,10|5|2|2|1,5,1,36,-35
5,9|6|2|2|1,5,1,39,-38
5,8|6|2|2|2,5,1,44,-43
5,9|4|4|2|1,5,1,51,-50
5,6|6|4|2|2,5,1,52,-51
5,8|4|4|2|2,5,1,66,-65
5,7|6|4|2|1,5,1,75,-74
5,8|6|3|2|1,5,1,77,-76
5,9|5|3|2|1,5,1,77,-76
5,7|5|4|3|1,5,1,80,-79
5,8|5|4|2|1,5,1,89,-88
6,16|2|2|2|2,5,1,8,-7
6,15|3|2|2|2,5,1,15,-14
6,11|9|2|1|1,5,1,22,-21
6,12|8|2|1|1,5,1,24,-23
6,15|4|2|2|1,5,1,28,-27
6,8|7|7|1|1,5,2,30,-28
6,13|7|2|1|1,5,1,29,-28
6,10|9|3|1|1,5,1,43,-42
6,14|5|3|1|1,5,1,43,-42
6,14|4|2|2|2,5,2,45,-43
6,10|9|2|2|1,5,2,46,-44
6,9|9|4|1|1,5,2,49,-47
6,14|5|2|2|1,5,2,50,-48
6,12|5|5|1|1,5,2,59,-57
6,13|5|4|1|1,5,2,63,-61
6,13|6|3|1|1,5,1,62,-61
6,8|4|4|4|4,5,2,65,-63
6,13|5|2|2|2,5,2,65,-63
6,14|4|3|2|1,5,1,65,-64
6,11|8|3|1|1,5,2,69,-67
6,6|6|4|4|4,5,1,70,-69
6,13|6|2|2|1,5,3,74,-71
6,9|9|3|2|1,5,1,74,-73
6,11|8|2|2|1,5,3,77,-74
6,12|7|3|1|1,5,3,78,-75
6,12|7|2|2|1,5,3,84,-81
6,13|4|4|2|1,5,2,87,-85
6,13|4|3|2|2,5,1,87,-86
6,9|7|6|1|1,5,2,89,-87
6,11|4|4|4|1,5,2,89,-87
6,9|8|5|1|1,5,2,92,-90
6,10|8|2|2|2,5,3,97,-94
6,10|8|4|1|1,5,2,96,-94
6,11|7|2|2|2,5,2,97,-95
6,12|6|4|1|1,5,2,97,-95
6,12|6|2|2|2,5,4,110,-106
6,11|6|5|1|1,5,2,110,-108
6,12|4|4|3|1,5,1,114,-113
6,6|6|6|4|2,5,1,116,-115
6,11|7|4|1|1,5,4,129,-125
6,9|4|4|4|3,5,1,127,-126
6,13|5|3|2|1,5,3,137,-134
6,10|7|5|1|1,5,4,139,-135
6,12|4|4|2|2,5,3,143,-140
6,7|7|6|3|1,5,1,144,-143
6,7|6|6|4|1,5,1,146,-145
6,12|5|3|3|1,5,1,149,-148
6,9|8|3|3|1,5,1,160,-159
6,8|8|5|2|1,5,2,166,-164
6,12|5|3|2|2,5,1,172,-171
6,11|5|5|2|1,5,2,177,-175
6,7|7|5|4|1,5,1,177,-176
6,10|4|4|4|2,5,3,180,-177
6,9|8|3|2|2,5,2,187,-185
6,9|6|6|2|1,5,2,197,-195
6,10|8|3|2|1,5,4,200,-196
6,8|7|6|2|1,5,2,198,-196
6,7|7|4|3|3,5,1,197,-196
6,8|8|4|3|1,5,1,199,-198
6,11|4|4|3|2,5,1,207,-206
6,12|6|3|2|1,5,4,213,-209
6,8|8|4|2|2,5,3,214,-211
6,9|5|5|4|1,5,1,221,-220
6,8|6|6|2|2,5,3,226,-223
6,12|5|4|2|1,5,5,229,-224
6,11|6|3|3|1,5,1,226,-225
6,8|6|6|3|1,5,1,232,-231
6,7|6|6|3|2,5,1,233,-232
6,10|5|4|4|1,5,3,237,-234
6,11|7|3|2|1,5,5,244,-239
6,10|7|3|3|1,5,2,246,-244
6,8|7|4|4|1,5,2,258,-256
6,8|5|5|3|3,5,1,264,-263
6,9|8|4|2|1,5,5,272,-267
6,7|6|4|4|3,5,1,268,-267
6,11|6|3|2|2,5,3,274,-271
6,10|5|5|3|1,5,2,277,-275
6,10|7|3|2|2,5,2,278,-276
6,8|5|4|4|3,5,1,280,-279
6,11|5|4|2|2,5,3,301,-298
6,7|7|5|3|2,5,1,310,-309
6,8|7|5|2|2,5,1,319,-318
6,11|5|4|3|1,5,4,328,-324
6,9|7|3|3|2,5,1,326,-325
6,9|6|4|4|1,5,4,348,-344
6,10|6|5|2|1,5,5,368,-363
6,8|6|5|4|1,5,2,368,-366
6,11|6|4|2|1,5,7,375,-368
6,9|7|5|2|1,5,5,376,-371
6,9|5|4|4|2,5,2,380,-378
6,7|6|5|4|2,5,1,398,-397
6,10|7|4|2|1,5,7,406,-399
6,9|5|5|3|2,5,1,400,-399
6,8|7|5|3|1,5,4,415,-411
6,9|6|5|2|2,5,3,417,-414
6,9|7|4|2|2,5,2,419,-417
6,9|7|4|3|1,5,5,491,-486
6,10|6|4|2|2,5,6,501,-495
6,10|6|4|3|1,5,4,505,-501
6,9|6|5|3|1,5,3,504,-501
6,8|6|4|4|2,5,4,512,-508
6,10|5|4|3|2,5,2,524,-522
6,8|7|4|3|2,5,2,552,-550
6,8|6|5|3|2,5,1,627,-626
6,9|6|4|3|2,5,3,741,-738
7,20|2|2|2|2,5,1,8,-7
7,19|3|2|2|2,5,1,15,-14
7,19|4|2|2|1,5,1,28,-27
7,13|11|2|1|1,5,2,30,-28
7,14|10|2|1|1,5,1,34,-33
7,17|7|2|1|1,5,1,36,-35
7,16|8|2|1|1,5,1,38,-37
7,15|9|2|1|1,5,2,45,-43
7,18|4|2|2|2,5,3,47,-44
7,18|5|3|1|1,5,1,45,-44
7,18|5|2|2|1,5,2,53,-51
7,12|11|3|1|1,5,3,65,-62
7,9|9|8|1|1,5,2,65,-63
7,12|11|2|2|1,5,3,67,-64
7,18|4|3|2|1,5,1,66,-65
7,17|5|4|1|1,5,2,69,-67
7,17|5|2|2|2,5,3,75,-72
7,17|6|3|1|1,5,1,73,-72
7,16|5|5|1|1,5,3,77,-74
7,11|11|4|1|1,5,4,84,-80
7,17|6|2|2|1,5,4,88,-84
7,17|4|3|2|2,5,2,93,-91
7,17|4|4|2|1,5,3,95,-92
7,6|6|6|6|4,5,1,94,-93
7,16|7|3|1|1,5,4,110,-106
7,13|10|3|1|1,5,4,111,-107
7,13|10|2|2|1,5,6,120,-114
7,16|7|2|2|1,5,5,120,-115
7,10|10|6|1|1,5,1,123,-122
7,15|8|3|1|1,5,4,130,-126
7,14|6|6|1|1,5,1,127,-126
7,15|4|4|4|1,5,4,131,-127
7,16|6|4|1|1,5,3,131,-128
7,11|11|3|2|1,5,4,133,-129
7,14|9|3|1|1,5,5,137,-132
7,16|6|2|2|2,5,7,142,-135
7,16|4|4|3|1,5,2,139,-137
7,14|9|2|2|1,5,7,145,-138
7,15|8|2|2|1,5,7,145,-138
7,17|5|3|2|1,5,4,154,-150
7,12|10|2|2|2,5,7,160,-153
7,15|7|2|2|2,5,6,171,-165
7,16|4|4|2|2,5,5,172,-167
7,8|8|8|2|2,5,3,179,-176
7,15|6|5|1|1,5,4,183,-179
7,13|9|2|2|2,5,6,187,-181
7,16|5|3|3|1,5,2,184,-182
7,12|10|4|1|1,5,5,190,-185
7,12|7|7|1|1,5,7,196,-189
7,12|4|4|4|4,5,4,196,-192
7,10|9|7|1|1,5,4,214,-210
7,14|8|2|2|2,5,9,220,-211
7,16|5|3|2|2,5,3,214,-211
7,15|7|4|1|1,5,8,220,-212
7,11|10|5|1|1,5,6,228,-222
7,9|8|8|2|1,5,3,252,-249
7,14|8|4|1|1,5,7,258,-251
7,13|9|4|1|1,5,10,277,-267
7,11|8|7|1|1,5,6,277,-271
7,16|6|3|2|1,5,7,282,-275
7,15|5|5|2|1,5,5,280,-275
7,16|5|4|2|1,5,8,292,-284
7,15|4|4|3|2,5,3,293,-290
7,7|6|6|6|3,5,1,294,-293
7,13|4|4|4|3,5,3,301,-298
7,13|7|6|1|1,5,8,313,-305
7,14|4|4|4|2,5,6,314,-308
7,14|7|5|1|1,5,10,322,-312
7,9|6|6|6|1,5,2,327,-325
7,12|5|5|5|1,5,1,330,-329
7,15|5|3|3|2,5,1,334,-333
7,11|10|3|3|1,5,4,348,-344
7,15|6|3|3|1,5,3,352,-349
7,11|9|6|1|1,5,9,360,-351
7,12|10|3|2|1,5,10,364,-354
7,7|7|7|5|2,5,1,359,-358
7,12|9|5|1|1,5,10,379,-369
7,12|8|6|1|1,5,7,387,-380
7,13|8|5|1|1,5,10,393,-383
7,11|10|3|2|2,5,6,389,-383
7,9|9|7|2|1,5,4,389,-385
7,8|7|6|6|1,5,1,386,-385
7,14|5|5|2|2,5,2,400,-398
7,15|7|3|2|1,5,11,412,-401
7,15|6|3|2|2,5,8,422,-414
7,15|5|4|2|2,5,7,454,-447
7,14|5|4|4|1,5,7,460,-453
7,13|9|3|2|1,5,13,487,-474
7,7|7|7|4|3,5,1,477,-476
7,15|5|4|3|1,5,8,493,-485
7,14|8|3|2|1,5,14,502,-488
7,10|10|5|2|1,5,8,496,-488
7,10|9|3|3|3,5,1,498,-497
7,8|7|7|5|1,5,3,504,-501
7,8|6|6|6|2,5,3,507,-504
7,7|7|5|5|4,5,1,507,-506
7,8|8|4|4|4,5,4,517,-513
7,10|10|4|2|2,5,9,530,-521
7,14|7|3|3|1,5,7,535,-528
7,14|5|5|3|1,5,6,550,-544
7,11|5|4|4|4,5,2,553,-551
7,10|10|4|3|1,5,5,558,-553
7,12|9|3|3|1,5,7,582,-575
7,15|6|4|2|1,5,15,600,-585
7,14|7|3|2|2,5,9,600,-591
7,11|10|4|2|1,5,13,607,-594
7,13|6|6|2|1,5,10,617,-607
7,13|5|5|4|1,5,4,618,-614
7,13|8|3|3|1,5,7,631,-624
7,12|9|3|2|2,5,9,638,-629
7,8|8|7|4|1,5,4,639,-635
7,11|7|7|2|1,5,8,648,-640
7,14|6|3|3|2,5,2,649,-647
7,9|9|6|2|2,5,2,681,-679
7,13|8|3|2|2,5,12,718,-706
7,8|8|6|5|1,5,3,714,-711
7,10|7|7|2|2,5,1,741,-740
7,12|7|3|3|3,5,1,755,-754
7,14|6|5|2|1,5,14,779,-765
7,8|7|7|3|3,5,3,789,-786
7,10|5|5|5|3,5,1,817,-816
7,9|8|7|2|2,5,5,822,-817
7,13|5|4|3|3,5,2,831,-829
7,9|9|4|3|3,5,3,859,-856
7,10|8|7|2|1,5,11,875,-864
7,7|7|6|5|3,5,1,884,-883
7,11|9|3|3|2,5,5,893,-888
7,14|7|4|2|1,5,21,910,-889
7,8|8|7|3|2,5,3,914,-911
7,10|6|6|5|1,5,4,956,-952
7,11|6|5|5|1,5,3,957,-954
7,9|9|4|4|2,5,2,961,-959
7,14|6|4|2|2,5,17,980,-963
7,10|9|4|4|1,5,10,978,-968
7,14|5|4|3|2,5,7,981,-974
7,13|7|3|3|2,5,5,983,-978
7,12|9|4|2|1,5,22,1002,-980
7,13|6|4|4|1,5,14,994,-980
7,12|6|6|2|2,5,13,994,-981
7,9|9|6|3|1,5,8,989,-981
7,13|5|4|4|2,5,8,996,-988
7,10|9|6|2|1,5,13,1002,-989
7,12|5|5|3|3,5,3,1002,-999
7,9|9|5|4|1,5,6,1008,-1002
7,8|6|6|4|4,5,4,1006,-1002
7,9|7|7|4|1,5,5,1019,-1014
7,14|6|4|3|1,5,13,1035,-1022
7,9|8|5|5|1,5,4,1026,-1022
7,9|7|4|4|4,5,2,1035,-1033
7,13|5|5|3|2,5,4,1064,-1060
7,12|5|4|4|3,5,4,1065,-1061
7,10|6|4|4|4,5,7,1076,-1069
7,13|8|4|2|1,5,25,1096,-1071
7,12|8|3|3|2,5,4,1082,-1078
7,10|7|7|3|1,5,10,1107,-1097
7,9|8|7|3|1,5,8,1122,-1114
7,8|7|7|4|2,5,1,1154,-1153
7,12|6|6|3|1,5,9,1175,-1166
7,13|6|5|2|2,5,13,1202,-1189
7,11|9|4|2|2,5,12,1217,-1205
7,12|7|6|2|1,5,18,1238,-1220
7,11|9|5|2|1,5,19,1251,-1232
7,13|7|5|2|1,5,22,1277,-1255
7,12|5|5|4|2,5,3,1273,-1270
7,10|9|5|2|2,5,10,1312,-1302
7,8|6|6|5|3,5,1,1323,-1322
7,13|7|4|2|2,5,16,1367,-1351
7,10|7|5|5|1,5,6,1363,-1357
7,8|7|5|4|4,5,1,1373,-1372
7,11|6|6|4|1,5,11,1428,-1417
7,12|7|4|4|1,5,16,1443,-1427
7,9|7|6|5|1,5,6,1443,-1437
7,11|9|4|3|1,5,18,1464,-1446
7,11|8|6|2|1,5,21,1476,-1455
7,11|5|5|4|3,5,3,1458,-1455
7,9|7|7|3|2,5,5,1476,-1471
7,13|6|5|3|1,5,14,1495,-1481
7,11|8|4|4|1,5,16,1516,-1500
7,12|8|5|2|1,5,26,1529,-1503
7,13|7|4|3|1,5,21,1581,-1560
7,12|8|4|2|2,5,23,1613,-1590
7,9|6|5|4|4,5,3,1599,-1596
7,10|6|6|3|3,5,1,1598,-1597
7,9|9|5|3|2,5,7,1633,-1626
7,9|6|6|5|2,5,4,1642,-1638
7,12|6|4|3|3,5,2,1649,-1647
7,11|7|6|2|2,5,12,1692,-1680
7,8|7|5|5|3,5,2,1685,-1683
7,10|9|5|3|1,5,14,1717,-1703
7,12|6|5|4|1,5,13,1730,-1717
7,12|8|4|3|1,5,20,1795,-1775
7,8|8|5|4|3,5,4,1800,-1796
7,10|8|6|2|2,5,17,1818,-1801
7,10|6|5|5|2,5,2,1807,-1805
7,12|7|5|2|2,5,14,1837,-1823
7,9|8|4|4|3,5,5,1836,-1831
7,8|7|6|5|2,5,4,1841,-1837
7,9|6|5|5|3,5,1,1838,-1837
7,8|8|6|4|2,5,9,1915,-1906
7,9|8|6|4|1,5,12,1966,-1954
7,10|9|4|3|2,5,10,1969,-1959
7,10|8|4|3|3,5,2,2011,-2009
7,11|8|5|2|2,5,17,2029,-2012
7,13|6|4|3|2,5,13,2049,-2036
7,12|6|4|4|2,5,17,2120,-2103
7,11|6|4|4|3,5,8,2114,-2106
7,11|6|6|3|2,5,10,2186,-2176
7,9|7|5|5|2,5,5,2202,-2197
7,11|7|6|3|1,5,19,2261,-2242
7,10|8|6|3|1,5,17,2306,-2289
7,11|7|4|3|3,5,6,2300,-2294
7,9|8|5|3|3,5,4,2329,-2325
7,9|6|6|4|3,5,5,2342,-2337
7,12|7|5|3|1,5,24,2399,-2375
7,11|6|5|3|3,5,3,2388,-2385
7,9|7|6|3|3,5,5,2414,-2409
7,10|7|6|4|1,5,15,2438,-2423
7,10|8|5|4|1,5,17,2471,-2454
7,8|7|6|4|3,5,4,2566,-2562
7,10|8|4|4|2,5,17,2587,-2570
7,10|7|4|4|3,5,8,2582,-2574
7,11|8|5|3|1,5,23,2599,-2576
7,11|7|5|4|1,5,18,2596,-2578
7,10|6|6|4|2,5,13,2706,-2693
7,11|7|4|4|2,5,14,2764,-2750
7,12|6|5|3|2,5,12,2860,-2848
7,9|8|6|3|2,5,11,2923,-2912
7,12|7|4|3|2,5,17,2948,-2931
7,11|8|4|3|2,5,17,3066,-3049
7,10|7|5|3|3,5,7,3221,-3214
7,9|8|5|4|2,5,11,3429,-3418
7,11|6|5|4|2,5,13,3450,-3437
7,10|6|5|4|3,5,6,3473,-3467
7,10|7|6|3|2,5,14,3661,-3647
7,9|7|6|4|2,5,10,3727,-3717
7,10|8|5|3|2,5,15,3969,-3954
7,9|7|5|4|3,5,7,3965,-3958
7,11|7|5|3|2,5,18,4235,-4217
7,10|7|5|4|2,5,14,4600,-4586
8,24|2|2|2|2,5,1,8,-7
8,23|3|2|2|2,5,1,15,-14
8,23|4|2|2|1,5,1,28,-27
8,15|13|2|1|1,5,2,37,-35
8,21|7|2|1|1,5,1,38,-37
8,16|12|2|1|1,5,2,45,-43
8,22|4|2|2|2,5,3,47,-44
8,20|8|2|1|1,5,1,45,-44
8,22|5|3|1|1,5,1,45,-44
8,22|5|2|2|1,5,2,53,-51
8,13|13|2|2|2,5,1,53,-52
8,18|10|2|1|1,5,2,57,-55
8,19|9|2|1|1,5,2,59,-57
8,17|11|2|1|1,5,3,62,-59
8,22|4|3|2|1,5,1,66,-65
8,21|5|4|1|1,5,2,69,-67
8,21|5|2|2|2,5,4,77,-73
8,21|6|3|1|1,5,1,75,-74
8,20|5|5|1|1,5,3,79,-76
8,14|13|3|1|1,5,4,87,-83
8,14|13|2|2|1,5,5,90,-85
8,21|6|2|2|1,5,4,91,-87
8,21|4|3|2|2,5,2,93,-91
8,21|4|4|2|1,5,3,95,-92
8,20|7|3|1|1,5,4,121,-117
8,13|13|4|1|1,5,6,127,-121
8,20|7|2|2|1,5,6,134,-128
8,19|4|4|4|1,5,5,139,-134
8,20|6|4|1|1,5,3,137,-134
8,20|4|4|3|1,5,2,140,-138
8,20|6|2|2|2,5,8,152,-144
8,15|12|3|1|1,5,6,155,-149
8,21|5|3|2|1,5,4,155,-151
8,15|12|2|2|1,5,9,164,-155
8,19|8|3|1|1,5,5,162,-157
8,18|6|6|1|1,5,2,164,-162
8,20|4|4|2|2,5,6,175,-169
8,19|8|2|2|1,5,9,181,-172
8,20|5|3|3|1,5,2,188,-186
8,13|13|3|2|1,5,6,193,-187
8,16|11|3|1|1,5,9,201,-192
8,18|9|3|1|1,5,7,200,-193
8,19|7|2|2|2,5,9,203,-194
8,16|11|2|2|1,5,11,209,-198
8,19|6|5|1|1,5,5,207,-202
8,18|9|2|2|1,5,11,214,-203
8,17|10|3|1|1,5,8,211,-203
8,17|10|2|2|1,5,12,227,-215
8,20|5|3|2|2,5,4,220,-216
8,14|12|2|2|2,5,11,230,-219
8,19|7|4|1|1,5,9,256,-247
8,15|11|2|2|2,5,11,283,-272
8,16|4|4|4|4,5,7,288,-281
8,12|12|6|1|1,5,4,286,-282
8,18|8|2|2|2,5,14,297,-283
8,14|12|4|1|1,5,9,297,-288
8,20|6|3|2|1,5,8,299,-291
8,20|5|4|2|1,5,9,301,-292
8,11|10|9|1|1,5,5,298,-293
8,19|5|5|2|1,5,7,307,-300
8,19|4|4|3|2,5,4,306,-302
8,17|9|2|2|2,5,13,318,-305
8,11|11|8|1|1,5,8,316,-308
8,12|9|9|1|1,5,7,339,-332
8,7|7|7|7|4,5,1,344,-343
8,18|8|4|1|1,5,11,355,-344
8,16|10|2|2|2,5,17,362,-345
8,18|4|4|4|2,5,9,358,-349
8,19|5|3|3|2,5,1,351,-350
8,8|6|6|6|6,5,2,353,-351
8,16|7|7|1|1,5,13,379,-366
8,17|4|4|4|3,5,5,380,-375
8,19|6|3|3|1,5,4,388,-384
8,13|12|5|1|1,5,11,413,-402
8,18|7|5|1|1,5,14,420,-406
8,14|8|8|1|1,5,5,423,-418
8,15|11|4|1|1,5,18,456,-438
8,17|9|4|1|1,5,17,466,-449
8,19|6|3|2|2,5,11,467,-456
8,16|10|4|1|1,5,16,477,-461
8,19|7|3|2|1,5,14,482,-468
8,17|7|6|1|1,5,13,483,-470
8,18|5|5|2|2,5,4,476,-472
8,19|5|4|2|2,5,10,491,-481
8,19|5|4|3|1,5,10,530,-520
8,14|12|3|2|1,5,18,546,-528
8,18|5|4|4|1,5,11,544,-533
8,16|5|5|5|1,5,2,548,-546
8,13|12|3|3|1,5,9,584,-575
8,10|10|9|2|1,5,6,592,-586
8,12|12|3|3|2,5,3,606,-603
8,17|8|5|1|1,5,18,630,-612
8,13|12|3|2|2,5,13,634,-621
8,18|5|5|3|1,5,9,655,-646
8,19|6|4|2|1,5,19,672,-653
8,12|11|7|1|1,5,15,671,-656
8,18|8|3|2|1,5,21,679,-658
8,18|7|3|3|1,5,10,672,-662
8,12|10|8|1|1,5,9,689,-680
8,14|11|5|1|1,5,22,725,-703
8,18|7|3|2|2,5,15,757,-742
8,15|11|3|2|1,5,26,777,-751
8,18|6|3|3|2,5,4,763,-759
8,15|8|7|1|1,5,18,778,-760
8,13|9|8|1|1,5,15,776,-761
8,16|8|6|1|1,5,18,794,-776
8,16|9|5|1|1,5,24,813,-789
8,17|9|3|2|1,5,26,822,-796
8,9|9|9|4|1,5,3,802,-799
8,15|10|5|1|1,5,24,847,-823
8,13|11|6|1|1,5,22,853,-831
8,17|5|5|4|1,5,8,848,-840
8,16|10|3|2|1,5,28,873,-845
8,17|6|6|2|1,5,18,904,-886
8,10|9|9|2|2,5,2,899,-897
8,18|6|5|2|1,5,21,969,-948
8,17|8|3|3|1,5,14,965,-951
8,10|7|7|7|1,5,4,957,-953
8,12|12|4|2|2,5,19,996,-977
8,12|12|5|2|1,5,19,1019,-1000
8,11|9|9|2|1,5,9,1009,-1000
8,14|11|3|3|1,5,17,1025,-1008
8,13|12|4|2|1,5,26,1038,-1012
8,13|10|7|1|1,5,22,1060,-1038
8,14|10|6|1|1,5,23,1070,-1047
8,15|9|6|1|1,5,27,1080,-1053
8,17|5|4|3|3,5,4,1066,-1062
8,15|5|4|4|4,5,6,1072,-1066
8,17|8|3|2|2,5,24,1091,-1067
8,9|9|9|3|2,5,3,1070,-1067
8,14|9|7|1|1,5,25,1097,-1072
8,14|11|3|2|2,5,22,1102,-1080
8,12|12|4|3|1,5,13,1095,-1082
8,12|11|3|3|3,5,2,1093,-1091
8,18|5|4|3|2,5,11,1131,-1120
8,18|7|4|2|1,5,32,1169,-1137
8,8|7|7|7|3,5,2,1155,-1153
8,18|6|4|2|2,5,26,1184,-1158
8,16|9|3|3|1,5,19,1189,-1170
8,9|8|7|7|1,5,3,1194,-1191
8,15|10|3|3|1,5,19,1223,-1204
8,18|6|4|3|1,5,20,1256,-1236
8,16|7|3|3|3,5,3,1244,-1241
8,16|9|3|2|2,5,26,1298,-1272
8,17|5|4|4|2,5,15,1316,-1301
8,15|10|3|2|2,5,28,1343,-1315
8,17|6|4|4|1,5,24,1385,-1361
8,17|7|3|3|2,5,10,1376,-1366
8,15|5|5|5|2,5,2,1395,-1393
8,10|9|9|3|1,5,8,1413,-1405
8,17|5|5|3|2,5,8,1420,-1412
8,11|11|7|2|1,5,19,1514,-1495
8,13|6|6|6|1,5,10,1521,-1511
8,9|7|7|7|2,5,3,1522,-1519
8,16|5|5|3|3,5,6,1559,-1553
8,8|8|8|6|2,5,7,1593,-1586
8,9|6|6|6|5,5,2,1608,-1606
8,15|7|7|2|1,5,25,1643,-1618
8,16|5|4|4|3,5,10,1645,-1635
8,17|6|5|2|2,5,24,1679,-1655
8,16|6|6|2|2,5,27,1690,-1663
8,17|8|4|2|1,5,46,1710,-1664
8,8|8|8|4|4,5,8,1673,-1665
8,13|11|3|3|2,5,15,1747,-1732
8,15|8|3|3|3,5,2,1754,-1752
8,14|11|4|2|1,5,46,1811,-1765
8,10|10|8|2|2,5,17,1789,-1772
8,9|8|8|6|1,5,7,1795,-1788
8,13|5|5|5|4,5,1,1811,-1810
8,13|10|3|3|3,5,4,1821,-1817
8,17|7|5|2|1,5,40,1912,-1872
8,14|5|5|4|4,5,2,1884,-1882
8,17|7|4|2|2,5,33,1980,-1947
8,16|8|3|3|2,5,13,1963,-1950
8,13|8|8|2|1,5,26,1989,-1963
8,16|6|6|3|1,5,22,2062,-2040
8,16|9|4|2|1,5,55,2096,-2041
8,16|5|5|4|2,5,8,2051,-2043
8,8|7|7|5|5,5,3,2046,-2043
8,14|9|3|3|3,5,5,2049,-2044
8,17|6|5|3|1,5,26,2114,-2088
8,8|7|6|6|5,5,1,2093,-2092
8,15|6|5|5|1,5,10,2107,-2097
8,10|10|4|4|4,5,12,2126,-2114
8,15|10|4|2|1,5,56,2173,-2117
8,11|10|8|2|1,5,25,2189,-2164
8,14|5|5|5|3,5,3,2184,-2181
8,11|11|6|2|2,5,13,2234,-2221
8,17|7|4|3|1,5,38,2298,-2260
8,16|7|6|2|1,5,41,2307,-2266
8,14|10|3|3|2,5,15,2303,-2288
8,11|11|4|3|3,5,10,2322,-2312
8,12|11|4|4|1,5,25,2350,-2325
8,10|10|8|3|1,5,13,2363,-2350
8,9|9|8|5|1,5,9,2369,-2360
8,15|9|3|3|2,5,19,2398,-2379
8,13|11|4|2|2,5,32,2429,-2397
8,9|9|7|6|1,5,7,2435,-2428
8,16|7|4|4|1,5,37,2543,-2506
8,14|7|7|2|2,5,14,2642,-2628
8,16|6|4|3|3,5,7,2635,-2628
8,8|8|8|5|3,5,2,2648,-2646
8,13|11|5|2|1,5,50,2709,-2659
8,12|11|6|2|1,5,41,2741,-2700
8,11|11|4|4|2,5,10,2712,-2702
8,17|6|4|3|2,5,26,2780,-2754
8,14|6|4|4|4,5,18,2843,-2825
8,15|5|5|4|3,5,8,2890,-2882
8,16|8|5|2|1,5,60,2956,-2896
8,16|8|4|2|2,5,53,2964,-2911
8,12|9|8|2|1,5,34,2953,-2919
8,16|6|5|4|1,5,29,2953,-2924
8,14|6|6|5|1,5,17,2955,-2938
8,13|11|4|3|1,5,44,3001,-2957
8,9|9|8|3|3,5,8,2971,-2963
8,9|8|5|5|5,5,1,3011,-3010
8,12|8|8|2|2,5,30,3050,-3020
8,8|7|7|6|4,5,1,3067,-3066
8,11|11|5|4|1,5,23,3094,-3071
8,15|6|6|4|1,5,30,3185,-3155
8,12|11|5|2|2,5,32,3225,-3193
8,16|7|5|2|2,5,36,3255,-3219
8,11|11|6|3|1,5,30,3259,-3229
8,16|8|4|3|1,5,50,3376,-3326
8,11|7|7|6|1,5,11,3363,-3352
8,15|9|4|2|2,5,51,3422,-3371
8,14|10|4|2|2,5,57,3462,-3405
8,16|6|4|4|2,5,36,3442,-3406
8,14|8|7|2|1,5,51,3533,-3482
8,8|8|6|6|4,5,7,3549,-3542
8,15|9|5|2|1,5,70,3646,-3576
8,11|9|8|2|2,5,20,3603,-3583
8,14|10|5|2|1,5,69,3654,-3585
8,12|6|6|6|2,5,17,3696,-3679
8,15|8|4|4|1,5,49,3733,-3684
8,15|8|6|2|1,5,66,3867,-3801
8,12|10|7|2|1,5,50,3889,-3839
8,14|7|7|3|1,5,38,3890,-3852
8,10|7|5|5|5,5,3,3855,-3852
8,10|6|6|6|4,5,9,3862,-3853
8,13|10|4|4|1,5,46,3938,-3892
8,12|7|6|6|1,5,17,3910,-3893
8,10|9|6|6|1,5,16,3936,-3920
8,15|7|6|2|2,5,40,3972,-3932
8,14|10|4|3|1,5,56,4033,-3977
8,10|8|8|5|1,5,15,4042,-4027
8,12|8|8|3|1,5,27,4065,-4038
8,15|9|4|3|1,5,62,4112,-4050
8,8|8|7|6|3,5,5,4148,-4143
8,9|9|6|6|2,5,5,4203,-4198
8,10|10|6|5|1,5,18,4242,-4224
8,16|7|5|3|1,5,54,4294,-4240
8,15|6|4|4|3,5,22,4273,-4251
8,11|10|5|5|1,5,20,4281,-4261
8,12|11|5|3|1,5,46,4324,-4278
8,14|9|4|4|1,5,52,4339,-4287
8,11|10|7|2|2,5,30,4367,-4337
8,14|7|5|5|1,5,24,4429,-4405
8,13|10|6|2|1,5,69,4508,-4439
8,13|9|7|2|1,5,59,4515,-4456
8,12|11|4|3|2,5,32,4562,-4530
8,10|10|7|4|1,5,26,4667,-4641
8,14|6|6|3|3,5,8,4690,-4682
8,13|7|4|4|4,5,17,4702,-4685
8,11|6|6|6|3,5,10,4699,-4689
8,15|6|6|3|2,5,31,4727,-4696
8,16|6|5|3|2,5,30,4741,-4711
8,14|9|6|2|1,5,76,4797,-4721
8,11|11|5|3|2,5,26,4795,-4769
8,9|9|8|4|2,5,8,4817,-4809
8,10|8|8|3|3,5,4,4862,-4858
8,9|9|5|5|4,5,6,4872,-4866
8,15|7|4|3|3,5,18,4916,-4898
8,15|6|5|3|3,5,12,4925,-4913
8,11|9|4|4|4,5,11,4960,-4949
8,15|8|5|2|2,5,59,5010,-4951
8,8|8|7|5|4,5,3,4999,-4996
8,16|7|4|3|2,5,42,5040,-4998
8,9|7|6|5|5,5,3,5013,-5010
8,10|10|5|5|2,5,7,5034,-5027
8,10|8|7|6|1,5,18,5108,-5090
8,10|9|8|4|1,5,24,5136,-5112
8,11|9|8|3|1,5,37,5236,-5199
8,11|8|8|4|1,5,30,5237,-5207
8,14|6|5|5|2,5,11,5274,-5263
8,15|7|6|3|1,5,57,5378,-5321
8,11|8|6|6|1,5,24,5374,-5350
8,13|10|5|2|2,5,57,5410,-5353
8,9|8|8|5|2,5,12,5426,-5414
8,13|8|7|2|2,5,43,5584,-5541
8,12|7|7|5|1,5,26,5617,-5591
8,13|7|7|4|1,5,36,5776,-5740
8,14|9|5|2|2,5,61,5869,-5808
8,12|10|4|3|3,5,14,5871,-5857
8,15|7|5|4|1,5,54,6003,-5949
8,12|8|4|4|4,5,25,6042,-6017
8,10|10|6|3|3,5,8,6031,-6023
8,15|7|4|4|2,5,45,6090,-6045
8,11|10|7|3|1,5,46,6188,-6142
8,12|10|6|2|2,5,60,6221,-6161
8,9|8|8|4|3,5,11,6234,-6223
8,12|6|5|5|4,5,4,6275,-6271
8,10|7|7|6|2,5,8,6297,-6289
8,9|7|7|6|3,5,6,6310,-6304
8,12|9|7|2|2,5,41,6358,-6317
8,10|10|7|3|2,5,23,6349,-6326
8,13|8|5|5|1,5,32,6431,-6399
8,11|10|4|4|3,5,21,6443,-6422
8,9|7|6|6|4,5,5,6434,-6429
8,15|8|5|3|1,5,74,6538,-6464
8,13|6|5|4|4,5,15,6512,-6497
8,14|8|6|2|2,5,70,6570,-6500
8,9|9|6|4|4,5,5,6567,-6562
8,12|9|5|5|1,5,32,6653,-6621
8,14|8|4|3|3,5,18,6838,-6820
8,12|6|6|4|4,5,21,6866,-6845
8,10|9|8|3|2,5,24,6892,-6868
8,11|8|8|3|2,5,28,7078,-7050
8,13|10|5|3|1,5,75,7163,-7088
8,15|6|5|4|2,5,38,7273,-7235
8,15|8|4|3|2,5,58,7317,-7259
8,9|8|7|6|2,5,13,7276,-7263
8,13|6|6|5|2,5,24,7291,-7267
8,13|9|6|2|2,5,62,7382,-7320
8,12|10|4|4|2,5,52,7562,-7510
8,13|7|6|5|1,5,39,7580,-7541
8,13|9|4|3|3,5,25,7567,-7542
8,10|9|7|5|1,5,28,7585,-7557
8,13|10|4|3|2,5,55,7649,-7594
8,14|7|4|4|3,5,31,7652,-7621
8,13|6|5|5|3,5,9,7710,-7701
8,10|7|7|4|4,5,5,7714,-7709
8,14|9|5|3|1,5,85,7818,-7733
8,13|8|7|3|1,5,65,7834,-7769
8,12|7|7|3|3,5,23,7849,-7826
8,14|6|6|4|2,5,45,7878,-7833
8,9|7|7|5|4,5,7,7919,-7912
8,11|6|6|5|4,5,9,7954,-7945
8,9|9|7|5|2,5,17,8026,-8009
8,13|7|7|3|2,5,34,8061,-8027
8,14|7|6|4|1,5,62,8102,-8040
8,12|10|5|4|1,5,62,8112,-8050
8,12|10|6|3|1,5,71,8361,-8290
8,11|7|6|6|2,5,19,8390,-8371
8,14|9|4|3|2,5,63,8470,-8407
8,9|8|7|4|4,5,10,8465,-8455
8,10|10|5|4|3,5,18,8516,-8498
8,14|8|6|3|1,5,83,8732,-8649
8,9|8|6|6|3,5,12,8686,-8674
8,11|10|5|3|3,5,20,8706,-8686
8,10|8|8|4|2,5,33,8724,-8691
8,14|8|4|4|2,5,66,8762,-8696
8,11|10|6|4|1,5,56,8768,-8712
8,14|8|5|4|1,5,76,8989,-8913
8,12|9|7|3|1,5,71,9132,-9061
8,13|9|4|4|2,5,55,9333,-9278
8,10|9|5|4|4,5,15,9438,-9423
8,15|7|5|3|2,5,57,9485,-9428
8,9|9|7|4|3,5,14,9569,-9555
8,11|8|7|5|1,5,40,9639,-9599
8,14|6|5|4|3,5,26,9717,-9691
8,14|7|5|3|3,5,29,9734,-9705
8,10|7|6|6|3,5,13,9831,-9818
8,12|6|6|5|3,5,14,9883,-9869
8,10|8|6|6|2,5,29,9912,-9883
8,10|9|7|3|3,5,21,9933,-9912
8,13|9|5|4|1,5,78,10071,-9993
8,13|6|6|4|3,5,26,10051,-10025
8,13|9|6|3|1,5,94,10237,-10143
8,12|9|4|4|3,5,33,10197,-10164
8,10|10|6|4|2,5,42,10271,-10229
8,11|9|6|5|1,5,46,10328,-10282
8,13|8|4|4|3,5,38,10321,-10283
8,13|7|5|5|2,5,28,10673,-10645
8,9|9|6|5|3,5,15,10774,-10759
8,11|9|7|4|1,5,58,10938,-10880
8,12|8|7|4|1,5,65,10968,-10903
8,11|7|5|5|4,5,11,11002,-10991
8,10|8|5|5|4,5,7,11119,-11112
8,12|8|6|5|1,5,54,11175,-11121
8,12|7|5|4|4,5,19,11619,-11600
8,13|7|6|3|3,5,30,11715,-11685
8,11|7|7|5|2,5,25,11725,-11700
8,14|7|6|3|2,5,63,11769,-11706
8,10|9|5|5|3,5,16,12101,-12085
8,11|10|6|3|2,5,56,12440,-12384
8,12|10|5|3|2,5,63,12474,-12411
8,12|7|7|4|2,5,32,12456,-12424
8,13|8|6|4|1,5,91,12646,-12555
8,11|8|7|3|3,5,26,12738,-12712
8,11|9|5|5|2,5,33,12763,-12730
8,11|10|5|4|2,5,52,13199,-13147
8,9|8|6|5|4,5,14,13230,-13216
8,12|9|6|4|1,5,88,13409,-13321
8,10|7|7|5|3,5,19,13355,-13336
8,13|8|5|3|3,5,33,13516,-13483
8,12|9|5|3|3,5,35,13730,-13695
8,11|8|5|4|4,5,26,13779,-13753
8,14|8|5|3|2,5,78,14000,-13922
8,11|7|6|4|4,5,22,14062,-14040
8,12|8|5|5|2,5,32,14232,-14200
8,14|7|5|4|2,5,63,14322,-14259
8,9|8|7|5|3,5,18,14427,-14409
8,11|7|7|4|3,5,25,14501,-14476
8,12|7|5|5|3,5,22,14542,-14520
8,11|9|7|3|2,5,57,14985,-14928
8,12|8|7|3|2,5,62,15112,-15050
8,11|9|6|3|3,5,36,15203,-15167
8,10|7|6|5|4,5,15,15495,-15480
8,13|9|5|3|2,5,85,15624,-15539
8,10|8|6|4|4,5,31,15646,-15615
8,10|9|7|4|2,5,43,16379,-16336
8,10|9|6|5|2,5,38,16445,-16407
8,12|8|6|3|3,5,32,16502,-16470
8,10|8|7|5|2,5,34,16923,-16889
8,12|7|6|5|2,5,46,17374,-17328
8,11|8|5|5|3,5,23,17361,-17338
8,13|8|6|3|2,5,91,18147,-18056
8,13|7|5|4|3,5,45,18520,-18475
8,13|7|6|4|2,5,73,18760,-18687
8,12|9|6|3|2,5,88,19099,-19011
8,13|8|5|4|2,5,88,20360,-20272
8,10|8|7|4|3,5,35,20422,-20387
8,12|9|5|4|2,5,80,20600,-20520
8,11|8|7|4|2,5,64,21203,-21139
8,11|9|5|4|3,5,45,21191,-21146
8,10|9|6|4|3,5,39,21271,-21232
8,11|7|6|5|3,5,31,21943,-21912
8,11|8|6|5|2,5,58,22841,-22783
8,12|7|6|4|3,5,49,23203,-23154
8,12|8|5|4|3,5,56,24243,-24187
8,10|8|6|5|3,5,32,24291,-24259
8,11|9|6|4|2,5,78,24477,-24399
8,12|8|6|4|2,5,109,27257,-27148
8,11|8|6|4|3,5,60,29811,-29751
9,28|2|2|2|2,5,1,8,-7
9,27|3|2|2|2,5,1,15,-14
9,27|4|2|2|1,5,1,28,-27
9,25|7|2|1|1,5,1,38,-37
9,17|15|2|1|1,5,3,45,-42
9,26|4|2|2|2,5,3,47,-44
9,26|5|3|1|1,5,1,45,-44
9,24|8|2|1|1,5,1,47,-46
9,26|5|2|2|1,5,2,53,-51
9,18|14|2|1|1,5,2,55,-53
9,23|9|2|1|1,5,2,66,-64
9,26|4|3|2|1,5,1,66,-65
9,25|5|4|1|1,5,2,69,-67
9,22|10|2|1|1,5,2,71,-69
9,15|15|2|2|2,5,2,74,-72
9,25|5|2|2|2,5,4,77,-73
9,19|13|2|1|1,5,4,78,-74
9,20|12|2|1|1,5,3,77,-74
9,25|6|3|1|1,5,1,75,-74
9,24|5|5|1|1,5,3,79,-76
9,21|11|2|1|1,5,4,85,-81
9,25|6|2|2|1,5,4,91,-87
9,25|4|3|2|2,5,2,93,-91
9,25|4|4|2|1,5,3,95,-92
9,16|15|3|1|1,5,5,109,-104
9,16|15|2|2|1,5,6,111,-105
9,24|7|3|1|1,5,4,123,-119
9,24|7|2|2|1,5,6,137,-131
9,23|4|4|4|1,5,5,139,-134
9,24|6|4|1|1,5,3,137,-134
9,24|4|4|3|1,5,2,140,-138
9,24|6|2|2|2,5,9,154,-145
9,25|5|3|2|1,5,4,155,-151
9,15|15|4|1|1,5,9,170,-161
9,23|8|3|1|1,5,5,173,-168
9,22|6|6|1|1,5,2,170,-168
9,24|4|4|2|2,5,6,175,-169
9,23|8|2|2|1,5,10,195,-185
9,24|5|3|3|1,5,2,188,-186
9,17|14|3|1|1,5,9,199,-190
9,17|14|2|2|1,5,12,208,-196
9,23|7|2|2|2,5,10,213,-203
9,23|6|5|1|1,5,5,209,-204
9,24|5|3|2|2,5,4,220,-216
9,22|9|3|1|1,5,8,232,-224
9,22|9|2|2|1,5,13,250,-237
9,15|15|3|2|1,5,9,254,-245
9,23|7|4|1|1,5,9,262,-253
9,18|13|3|1|1,5,12,267,-255
9,18|13|2|2|1,5,16,276,-260
9,21|10|3|1|1,5,10,274,-264
9,12|11|11|1|1,5,6,272,-266
9,21|10|2|2|1,5,16,296,-280
9,16|14|2|2|2,5,16,298,-282
9,19|12|3|1|1,5,12,297,-285
9,20|11|3|1|1,5,13,303,-290
9,24|5|4|2|1,5,9,301,-292
9,24|6|3|2|1,5,8,300,-292
9,19|12|2|2|1,5,18,314,-296
9,20|11|2|2|1,5,17,317,-300
9,23|5|5|2|1,5,7,308,-301
9,20|4|4|4|4,5,9,311,-302
9,23|4|4|3|2,5,4,306,-302
9,22|8|2|2|2,5,17,329,-312
9,23|5|3|3|2,5,1,351,-350
9,22|4|4|4|2,5,10,362,-352
9,17|13|2|2|2,5,16,386,-370
9,21|9|2|2|2,5,18,395,-377
9,22|8|4|1|1,5,12,391,-379
9,21|4|4|4|3,5,6,390,-384
9,23|6|3|3|1,5,4,392,-388
9,16|14|4|1|1,5,14,411,-397
9,12|12|10|1|1,5,3,409,-406
9,8|7|7|7|7,5,1,422,-421
9,22|7|5|1|1,5,15,446,-431
9,11|11|11|2|1,5,3,442,-439
9,20|7|7|1|1,5,17,475,-458
9,23|6|3|2|2,5,12,473,-461
9,20|10|2|2|2,5,25,496,-471
9,19|11|2|2|2,5,22,493,-471
9,22|5|5|2|2,5,5,484,-479
9,23|5|4|2|2,5,11,494,-483
9,23|7|3|2|1,5,15,499,-484
9,18|12|2|2|2,5,26,512,-486
9,14|14|6|1|1,5,9,509,-500
9,23|5|4|3|1,5,10,531,-521
9,21|7|6|1|1,5,16,545,-529
9,22|5|4|4|1,5,12,554,-542
9,21|9|4|1|1,5,21,565,-544
9,15|14|5|1|1,5,19,627,-608
9,20|5|5|5|1,5,3,619,-616
9,17|13|4|1|1,5,27,648,-621
9,20|10|4|1|1,5,23,672,-649
9,22|5|5|3|1,5,10,667,-657
9,23|6|4|2|1,5,20,681,-661
9,22|7|3|3|1,5,11,708,-697
9,18|12|4|1|1,5,26,730,-704
9,16|14|3|2|1,5,27,734,-707
9,21|8|5|1|1,5,22,734,-712
9,22|8|3|2|1,5,24,749,-725
9,19|11|4|1|1,5,31,770,-739
9,18|8|8|1|1,5,12,769,-757
9,22|6|3|3|2,5,4,780,-776
9,22|7|3|2|2,5,18,802,-784
9,14|10|10|1|1,5,9,793,-784
9,15|14|3|3|1,5,16,840,-824
9,13|13|8|1|1,5,19,849,-830
9,9|9|9|8|1,5,1,861,-860
9,15|14|3|2|2,5,22,897,-875
9,21|5|5|4|1,5,10,897,-887
9,14|14|3|3|2,5,6,947,-941
9,21|9|3|2|1,5,33,1000,-967
9,21|6|6|2|1,5,22,991,-969
9,22|6|5|2|1,5,24,1005,-981
9,20|8|6|1|1,5,25,1018,-993
9,13|11|10|1|1,5,17,1028,-1011
9,20|9|5|1|1,5,34,1077,-1043
9,17|13|3|2|1,5,40,1085,-1045
9,16|9|9|1|1,5,23,1100,-1077
9,21|8|3|3|1,5,17,1103,-1086
9,21|5|4|3|3,5,4,1099,-1095
9,16|13|5|1|1,5,36,1137,-1101
9,19|8|7|1|1,5,29,1147,-1118
9,22|5|4|3|2,5,12,1145,-1133
9,20|10|3|2|1,5,42,1217,-1175
9,22|6|4|2|2,5,30,1224,-1194
9,22|7|4|2|1,5,36,1242,-1206
9,21|8|3|2|2,5,31,1251,-1220
9,18|12|3|2|1,5,46,1287,-1241
9,19|11|3|2|1,5,47,1319,-1272
9,22|6|4|3|1,5,22,1294,-1272
9,19|5|4|4|4,5,11,1288,-1277
9,13|12|9|1|1,5,20,1316,-1296
9,19|10|5|1|1,5,41,1342,-1301
9,21|5|4|4|2,5,19,1380,-1361
9,17|12|5|1|1,5,43,1422,-1379
9,14|13|7|1|1,5,31,1437,-1406
9,20|7|3|3|3,5,3,1418,-1415
9,18|11|5|1|1,5,48,1497,-1449
9,21|6|4|4|1,5,30,1488,-1458
9,21|5|5|3|2,5,10,1484,-1474
9,15|14|4|2|1,5,43,1518,-1475
9,21|7|3|3|2,5,12,1491,-1479
9,15|13|6|1|1,5,41,1527,-1486
9,16|13|3|3|1,5,30,1524,-1494
9,14|14|4|2|2,5,33,1538,-1505
9,20|9|3|3|1,5,27,1534,-1507
9,16|5|5|5|5,5,1,1555,-1554
9,16|13|3|2|2,5,38,1615,-1577
9,19|9|6|1|1,5,44,1623,-1579
9,20|9|3|2|2,5,39,1680,-1641
9,14|14|5|2|1,5,35,1679,-1644
9,8|8|8|8|4,5,6,1669,-1663
9,19|5|5|5|2,5,3,1707,-1704
9,20|5|5|3|3,5,8,1715,-1707
9,14|14|4|3|1,5,26,1761,-1735
9,17|9|8|1|1,5,37,1806,-1769
9,21|6|5|2|2,5,31,1806,-1775
9,20|5|4|4|3,5,14,1801,-1787
9,19|10|3|3|1,5,33,1876,-1843
9,15|10|9|1|1,5,32,1886,-1854
9,14|13|3|3|3,5,7,1892,-1885
9,17|12|3|3|1,5,36,1930,-1894
9,21|8|4|2|1,5,58,1978,-1920
9,20|6|6|2|2,5,37,1971,-1934
9,18|9|7|1|1,5,49,1989,-1940
9,18|10|6|1|1,5,50,2054,-2004
9,19|10|3|2|2,5,50,2055,-2005
9,18|11|3|3|1,5,39,2044,-2005
9,17|12|3|2|2,5,51,2076,-2025
9,14|11|9|1|1,5,37,2062,-2025
9,16|12|6|1|1,5,48,2079,-2031
9,14|12|8|1|1,5,32,2101,-2069
9,21|7|5|2|1,5,50,2136,-2086
9,18|11|3|2|2,5,52,2191,-2139
9,21|7|4|2|2,5,43,2193,-2150
9,11|11|10|2|2,5,8,2229,-2221
9,21|6|5|3|1,5,32,2277,-2245
9,17|11|6|1|1,5,62,2319,-2257
9,19|7|7|2|1,5,40,2303,-2263
9,20|5|5|4|2,5,12,2284,-2272
9,19|8|3|3|3,5,4,2298,-2294
9,20|8|3|3|2,5,19,2372,-2353
9,20|6|6|3|1,5,31,2422,-2391
9,15|12|7|1|1,5,51,2456,-2405
9,21|7|4|3|1,5,46,2532,-2486
9,16|10|8|1|1,5,43,2531,-2488
9,8|8|8|6|6,5,6,2521,-2515
9,17|10|7|1|1,5,59,2621,-2562
9,18|5|5|4|4,5,5,2595,-2590
9,16|13|4|2|1,5,77,2740,-2663
9,20|9|4|2|1,5,79,2745,-2666
9,19|6|5|5|1,5,17,2713,-2696
9,15|13|3|3|2,5,30,2760,-2730
9,15|11|8|1|1,5,54,2796,-2742
9,20|7|6|2|1,5,58,2821,-2763
9,17|6|6|6|1,5,22,2794,-2772
9,16|11|7|1|1,5,66,2878,-2812
9,21|6|4|3|2,5,32,2951,-2919
9,20|6|4|3|3,5,10,2936,-2926
9,20|7|4|4|1,5,51,3012,-2961
9,17|5|5|5|4,5,2,2963,-2961
9,18|5|5|5|3,5,6,3027,-3021
9,12|11|10|2|1,5,31,3115,-3084
9,12|12|9|2|1,5,32,3170,-3138
9,10|10|10|5|1,5,10,3174,-3164
9,11|8|8|8|1,5,10,3179,-3169
9,18|9|3|3|3,5,11,3264,-3253
9,10|10|10|3|3,5,2,3264,-3262
9,19|10|4|2|1,5,97,3384,-3287
9,15|12|3|3|3,5,11,3314,-3303
9,19|9|3|3|2,5,32,3359,-3327
9,13|10|10|2|1,5,35,3382,-3347
9,20|6|5|4|1,5,41,3415,-3374
9,17|12|4|2|1,5,99,3485,-3386
9,9|7|7|7|6,5,2,3396,-3394
9,11|11|10|3|1,5,22,3492,-3470
9,19|5|5|4|3,5,13,3496,-3483
9,9|9|8|8|2,5,2,3525,-3523
9,12|6|6|6|6,5,10,3554,-3544
9,20|8|4|2|2,5,76,3634,-3558
9,18|11|4|2|1,5,105,3673,-3568
9,20|8|5|2|1,5,85,3703,-3618
9,13|13|7|2|1,5,47,3694,-3647
9,10|9|8|8|1,5,9,3707,-3698
9,20|7|5|2|2,5,53,3868,-3815
9,16|12|3|3|2,5,36,3875,-3839
9,20|6|4|4|2,5,50,3895,-3845
9,15|13|4|2|2,5,62,3934,-3872
9,17|10|3|3|3,5,11,3895,-3884
9,18|6|4|4|4,5,32,3946,-3914
9,16|11|3|3|3,5,14,4012,-3998
9,18|10|3|3|2,5,36,4065,-4029
9,20|8|4|3|1,5,71,4159,-4088
9,19|6|6|4|1,5,48,4160,-4112
9,18|7|7|2|2,5,32,4229,-4197
9,17|8|8|2|1,5,63,4263,-4200
9,14|13|4|4|1,5,53,4313,-4260
9,17|11|3|3|2,5,45,4369,-4324
9,12|10|10|2|2,5,36,4447,-4411
9,18|6|6|5|1,5,32,4475,-4443
9,9|8|8|8|3,5,6,4505,-4499
9,15|13|5|2|1,5,94,4608,-4514
9,13|13|4|3|3,5,24,4602,-4578
9,9|9|9|7|2,5,6,4802,-4796
9,19|9|4|2|2,5,90,4932,-4842
9,15|13|4|3|1,5,83,4933,-4850
9,15|9|9|2|1,5,54,4996,-4942
9,13|13|6|2|2,5,37,4994,-4957
9,14|7|7|7|1,5,17,5030,-5013
9,19|8|4|4|1,5,81,5106,-5025
9,20|7|5|3|1,5,75,5120,-5045
9,9|9|6|6|6,5,1,5159,-5158
9,19|6|4|4|3,5,36,5244,-5208
9,19|9|5|2|1,5,118,5365,-5247
9,19|7|6|2|2,5,67,5335,-5268
9,14|13|6|2|1,5,89,5435,-5346
9,20|6|5|3|2,5,43,5398,-5355
9,10|9|9|7|1,5,10,5365,-5355
9,19|8|6|2|1,5,108,5493,-5385
9,13|13|4|4|2,5,29,5581,-5552
9,10|8|8|8|2,5,16,5604,-5588
9,12|12|4|4|4,5,28,5702,-5674
9,16|12|4|2|2,5,109,5849,-5740
9,20|7|4|3|2,5,60,5875,-5815
9,19|9|4|3|1,5,103,5920,-5817
9,18|8|7|2|1,5,100,5991,-5891
9,14|13|5|2|2,5,70,5971,-5901
9,19|6|6|3|2,5,51,6057,-6006
9,18|10|4|2|2,5,118,6145,-6027
9,19|6|5|3|3,5,20,6100,-6080
9,18|7|7|3|1,5,71,6245,-6174
9,19|7|4|3|3,5,29,6208,-6179
9,12|10|10|3|1,5,36,6242,-6206
9,10|10|10|4|2,5,24,6266,-6242
9,17|11|4|2|2,5,109,6353,-6244
9,16|12|5|2|1,5,138,6586,-6448
9,11|10|10|4|1,5,31,6536,-6505
9,18|10|5|2|1,5,146,6736,-6590
9,13|13|5|4|1,5,55,6689,-6634
9,15|6|5|5|5,5,2,6744,-6742
9,18|7|5|5|1,5,46,6808,-6762
9,19|8|5|2|2,5,99,6868,-6769
9,18|6|6|3|3,5,19,6812,-6793
9,12|12|8|2|2,5,59,6875,-6816
9,16|12|4|3|1,5,112,7013,-6901
9,17|11|5|2|1,5,153,7234,-7081
9,18|9|4|4|1,5,105,7261,-7156
9,18|10|4|3|1,5,121,7286,-7165
9,19|7|6|3|1,5,92,7262,-7170
9,13|13|6|3|1,5,74,7331,-7257
9,13|12|8|2|1,5,86,7447,-7361
9,15|12|4|4|1,5,97,7580,-7483
9,13|11|9|2|1,5,79,7711,-7632
9,18|6|5|5|2,5,24,7661,-7637
9,17|11|4|3|1,5,132,7798,-7666
9,19|7|4|4|2,5,76,7866,-7790
9,10|10|8|7|1,5,18,7879,-7861
9,19|7|5|4|1,5,88,7962,-7874
9,16|8|8|2|2,5,84,8083,-7999
9,14|9|9|2|2,5,40,8053,-8013
9,14|13|5|3|1,5,97,8150,-8053
9,10|10|9|6|1,5,22,8081,-8059
9,14|13|4|3|2,5,71,8143,-8072
9,17|7|4|4|4,5,40,8131,-8091
9,16|6|6|6|2,5,42,8202,-8160
9,18|9|6|2|1,5,153,8370,-8217
9,14|10|9|2|1,5,91,8368,-8277
9,11|10|10|3|2,5,30,8314,-8284
9,10|7|7|6|6,5,1,8650,-8649
9,17|10|4|4|1,5,122,8855,-8733
9,12|11|9|2|2,5,48,8866,-8818
9,19|8|5|3|1,5,122,9035,-8913
9,16|9|8|2|1,5,119,9032,-8913
9,16|11|4|4|1,5,118,9090,-8972
9,19|6|5|4|2,5,63,9148,-9085
9,11|7|6|6|6,5,7,9168,-9161
9,15|12|6|2|1,5,156,9449,-9293
9,16|7|6|6|1,5,52,9489,-9437
9,12|12|8|3|1,5,62,9716,-9654
9,19|8|4|3|2,5,97,9814,-9717
9,18|9|5|2|2,5,128,9851,-9723
9,17|9|7|2|1,5,151,10003,-9852
9,14|12|7|2|1,5,135,9999,-9864
9,13|13|5|3|2,5,66,10022,-9956
9,13|6|6|6|5,5,13,10164,-10151
9,18|8|4|3|3,5,39,10388,-10349
9,15|12|5|2|2,5,130,10506,-10376
9,18|8|6|2|2,5,135,10550,-10415
9,17|10|6|2|1,5,188,10627,-10439
9,9|8|7|6|6,5,5,10605,-10600
9,11|11|9|4|1,5,47,10875,-10828
9,17|6|5|4|4,5,35,10930,-10895
9,16|11|6|2|1,5,190,11175,-10985
9,10|7|7|7|5,5,8,11009,-11001
9,18|7|4|4|3,5,61,11112,-11051
9,16|8|8|3|1,5,92,11221,-11129
9,17|8|7|2|2,5,107,11241,-11134
9,17|7|7|4|1,5,84,11220,-11136
9,13|12|5|5|1,5,61,11295,-11234
9,12|8|8|7|1,5,31,11390,-11359
9,9|9|9|6|3,5,10,11371,-11361
9,15|7|7|6|1,5,46,11514,-11468
9,18|6|6|4|2,5,83,11557,-11474
9,9|9|9|5|4,5,7,11506,-11499
9,10|8|6|6|6,5,14,11709,-11695
9,14|11|8|2|1,5,142,11980,-11838
9,14|6|6|5|5,5,5,11891,-11886
9,17|10|5|2|2,5,158,12186,-12028
9,14|12|4|3|3,5,42,12193,-12151
9,15|10|8|2|1,5,154,12334,-12180
9,14|9|9|3|1,5,86,12294,-12208
9,19|7|5|3|2,5,94,12325,-12231
9,13|10|9|2|2,5,76,12341,-12265
9,16|11|5|2|2,5,153,12517,-12364
9,17|8|5|5|1,5,78,12531,-12453
9,13|12|7|2|2,5,97,12614,-12517
9,18|7|6|4|1,5,120,12647,-12527
9,16|10|7|2|1,5,188,12990,-12802
9,11|10|7|7|1,5,33,12846,-12813
9,17|6|6|5|2,5,56,12914,-12858
9,13|7|7|7|2,5,21,13007,-12986
9,15|11|7|2|1,5,183,13201,-13018
9,18|9|5|3|1,5,173,13238,-13065
9,17|6|5|5|3,5,23,13142,-13119
9,13|8|7|7|1,5,38,13182,-13144
9,12|11|9|3|1,5,87,13326,-13239
9,16|6|5|5|4,5,14,13277,-13263
9,18|8|4|4|2,5,127,13486,-13359
9,11|9|9|6|1,5,33,13554,-13521
9,15|6|6|6|3,5,35,13681,-13646
9,16|8|4|4|4,5,68,13762,-13694
9,18|9|4|3|2,5,131,13857,-13726
9,18|6|5|4|3,5,51,13786,-13735
9,11|11|9|3|2,5,47,13867,-13820
9,16|7|7|5|1,5,75,13931,-13856
9,12|12|6|5|1,5,65,13925,-13860
9,9|8|7|7|5,5,7,14006,-13999
9,14|12|6|2|2,5,148,14172,-14024
9,15|12|5|3|1,5,170,14227,-14057
9,18|8|6|3|1,5,164,14259,-14095
9,15|12|4|3|2,5,126,14295,-14169
9,18|8|5|4|1,5,149,14367,-14218
9,18|7|5|3|3,5,56,14287,-14231
9,17|7|6|5|1,5,92,14342,-14250
9,13|11|4|4|4,5,39,14429,-14390
9,16|6|6|4|4,5,51,14556,-14505
9,17|9|4|3|3,5,64,14768,-14704
9,17|7|7|3|2,5,83,15267,-15184
9,13|12|4|4|3,5,58,15273,-15215
9,12|12|5|5|2,5,37,15317,-15280
9,9|8|8|7|4,5,11,15323,-15312
9,11|11|7|6|1,5,49,15393,-15344
9,10|10|7|7|2,5,15,15362,-15347
9,17|9|6|2|2,5,166,15519,-15353
9,9|9|8|5|5,5,14,15404,-15390
9,14|6|6|6|4,5,34,15435,-15401
9,14|12|4|4|2,5,120,15806,-15686
9,15|9|8|2|2,5,118,15835,-15717
9,17|8|7|3|1,5,158,16006,-15848
9,17|10|5|3|1,5,206,16357,-16151
9,14|7|5|5|5,5,12,16195,-16183
9,9|9|8|7|3,5,15,16337,-16322
9,11|9|8|7|1,5,42,16384,-16342
9,12|12|7|4|1,5,95,16487,-16392
9,13|11|8|2|2,5,107,16746,-16639
9,17|10|4|3|2,5,155,16806,-16651
9,9|9|7|7|4,5,14,16712,-16698
9,15|11|4|3|3,5,71,16847,-16776
9,16|11|5|3|1,5,212,17005,-16793
9,16|11|4|3|2,5,154,17203,-17049
9,12|11|6|6|1,5,69,17185,-17116
9,10|9|9|4|4,5,12,17140,-17128
9,16|10|4|3|3,5,66,17280,-17214
9,17|6|6|4|3,5,61,17373,-17312
9,12|9|7|7|1,5,47,17636,-17589
9,9|8|8|6|5,5,12,17671,-17659
9,18|7|6|3|2,5,124,17961,-17837
9,15|9|4|4|4,5,62,17937,-17875
9,16|9|7|2|2,5,148,18103,-17955
9,16|9|5|5|1,5,109,18156,-18047
9,14|12|5|4|1,5,156,18214,-18058
9,13|10|9|3|1,5,119,18259,-18140
9,13|12|7|3|1,5,146,18317,-18171
9,11|11|8|5|1,5,68,18318,-18250
9,16|7|7|3|3,5,64,18358,-18294
9,11|10|5|5|5,5,10,18478,-18468
9,15|11|6|2|2,5,179,18718,-18539
9,17|9|4|4|2,5,146,18694,-18548
9,12|12|6|3|3,5,40,18591,-18551
9,17|8|4|4|3,5,93,18853,-18760
9,14|11|5|5|1,5,107,18942,-18835
9,11|7|7|7|4,5,13,18936,-18923
9,15|8|6|6|1,5,98,19075,-18977
9,14|10|4|4|4,5,75,19114,-19039
9,13|9|9|4|1,5,87,19150,-19063
9,16|10|6|2|2,5,211,19282,-19071
9,17|7|5|5|2,5,66,19229,-19163
9,14|12|6|3|1,5,188,19712,-19524
9,11|10|9|5|1,5,65,19673,-19608
9,10|9|9|6|2,5,23,19716,-19693
9,12|9|9|5|1,5,66,20006,-19940
9,15|8|8|4|1,5,128,20083,-19955
9,12|7|7|7|3,5,23,20124,-20101
9,14|10|8|2|2,5,160,20365,-20205
9,14|11|7|2|2,5,157,20697,-20540
9,17|9|5|4|1,5,199,20889,-20690
9,11|11|8|3|3,5,52,20800,-20748
9,15|10|5|5|1,5,120,21037,-20917
9,13|8|8|6|1,5,78,21016,-20938
9,17|7|6|3|3,5,72,21059,-20987
9,15|11|4|4|2,5,144,21232,-21088
9,13|12|5|3|3,5,65,21347,-21282
9,18|7|5|4|2,5,125,21424,-21299
9,10|10|9|5|2,5,38,21341,-21303
9,17|9|6|3|1,5,238,21700,-21462
9,11|10|9|3|3,5,40,21523,-21483
9,16|6|6|5|3,5,44,21561,-21517
9,12|12|7|3|2,5,93,21693,-21600
9,18|8|5|3|2,5,159,21897,-21738
9,11|11|5|5|4,5,31,21781,-21750
9,16|10|4|4|2,5,178,22279,-22101
9,15|10|7|2|2,5,185,22472,-22287
9,11|11|6|6|2,5,39,22426,-22387
9,12|9|9|3|3,5,54,22454,-22400
9,10|10|6|5|5,5,10,22498,-22488
9,15|6|6|5|4,5,35,22615,-22580
9,10|10|9|4|3,5,35,22914,-22879
9,15|9|8|3|1,5,183,23141,-22958
9,11|8|8|7|2,5,39,23519,-23480
9,9|9|7|6|5,5,13,23574,-23561
9,13|12|6|4|1,5,165,23857,-23692
9,12|10|9|4|1,5,113,24444,-24331
9,15|11|5|4|1,5,215,24633,-24418
9,14|8|8|5|1,5,105,24535,-24430
9,13|9|9|3|2,5,88,24576,-24488
9,12|12|5|4|3,5,62,24574,-24512
9,13|11|8|3|1,5,180,24812,-24632
9,17|8|6|4|1,5,218,25004,-24786
9,10|8|8|5|5,5,9,24834,-24825
9,16|10|5|4|1,5,231,25198,-24967
9,17|8|5|3|3,5,85,25059,-24974
9,13|8|5|5|5,5,15,25428,-25413
9,10|9|8|7|2,5,36,25477,-25441
9,16|7|5|4|4,5,61,25538,-25477
9,14|11|4|4|3,5,99,25823,-25724
9,16|9|4|4|3,5,112,25948,-25836
9,10|8|8|7|3,5,24,25861,-25837
9,16|9|7|3|1,5,241,26303,-26062
9,15|8|8|3|2,5,128,26409,-26281
9,15|11|6|3|1,5,268,26555,-26287
9,16|10|6|3|1,5,274,26716,-26442
9,15|7|6|6|2,5,81,26646,-26565
9,14|9|6|6|1,5,120,26702,-26582
9,11|10|8|6|1,5,82,26803,-26721
9,13|10|6|6|1,5,116,27077,-26961
9,14|12|5|3|2,5,170,27159,-26989
9,9|9|8|6|4,5,16,27881,-27865
9,12|9|5|5|5,5,20,27934,-27914
9,14|8|8|3|3,5,55,28270,-28215
9,16|8|6|5|1,5,166,28492,-28326
9,16|8|7|4|1,5,203,28759,-28556
9,10|10|8|4|4,5,50,28852,-28802
9,14|8|7|6|1,5,114,29175,-29061
9,14|10|8|3|1,5,212,29326,-29114
9,15|10|4|4|3,5,121,29260,-29139
9,12|7|6|6|5,5,23,29709,-29686
9,12|11|8|4|1,5,151,29880,-29729
9,16|7|7|4|2,5,108,29993,-29885
9,14|11|7|3|1,5,251,30196,-29945
9,11|7|7|6|5,5,17,30184,-30167
9,12|8|7|7|2,5,42,30840,-30798
9,12|7|7|5|5,5,28,30943,-30915
9,14|7|7|6|2,5,59,31031,-30972
9,12|10|9|3|2,5,110,31236,-31126
9,17|9|5|3|2,5,221,31600,-31379
9,11|11|6|4|4,5,39,31566,-31527
9,12|12|6|4|2,5,135,31696,-31561
9,10|10|8|6|2,5,67,31701,-31634
9,15|10|7|3|1,5,278,32452,-32174
9,10|10|6|6|4,5,44,32327,-32283
9,15|7|5|5|4,5,42,32327,-32285
9,16|7|5|5|3,5,65,32408,-32343
9,10|8|7|7|4,5,17,32377,-32360
9,10|9|9|5|3,5,37,32515,-32478
9,17|7|5|4|3,5,109,32617,-32508
9,13|12|6|3|2,5,172,32725,-32553
9,13|12|5|4|2,5,152,33063,-32911
9,10|9|6|6|5,5,24,33211,-33187
9,12|11|5|4|4,5,63,33895,-33832
9,17|7|6|4|2,5,177,34424,-34247
9,12|9|8|6|1,5,109,34468,-34359
9,16|8|5|5|2,5,109,34608,-34499
9,17|8|6|3|2,5,225,35023,-34798
9,11|9|7|7|2,5,54,34896,-34842
9,15|8|7|5|1,5,171,35239,-35068
9,13|7|6|5|5,5,27,35199,-35172
9,16|9|5|3|3,5,122,35487,-35365
9,11|11|8|4|2,5,87,35587,-35500
9,10|9|7|7|3,5,33,35672,-35639
9,14|7|7|4|4,5,45,35697,-35652
9,14|11|5|3|3,5,116,36057,-35941
9,12|11|7|5|1,5,149,36223,-36074
9,13|11|6|5|1,5,178,36395,-36217
9,11|9|9|5|2,5,64,36335,-36271
9,15|11|5|3|2,5,242,36909,-36667
9,16|9|6|4|1,5,292,37209,-36917
9,16|10|5|3|2,5,251,37837,-37586
9,11|10|9|4|2,5,96,37803,-37707
9,12|10|7|6|1,5,129,38086,-37957
9,15|7|7|5|2,5,102,38214,-38112
9,17|8|5|4|2,5,216,38415,-38199
9,12|9|9|4|2,5,86,38376,-38290
9,16|8|7|3|2,5,201,38621,-38420
9,12|11|8|3|2,5,150,38585,-38435
9,14|9|8|4|1,5,215,38956,-38741
9,11|9|9|4|3,5,57,39429,-39372
9,14|11|6|4|1,5,281,39775,-39494
9,16|8|6|3|3,5,114,40064,-39950
9,15|10|5|3|3,5,128,40379,-40251
9,16|7|6|5|2,5,139,40435,-40296
9,13|11|5|5|2,5,127,40749,-40622
9,15|9|6|5|1,5,221,41420,-41199
9,11|8|7|7|3,5,40,41442,-41402
9,13|9|7|6|1,5,145,41672,-41527
9,15|7|6|4|4,5,90,42252,-42162
9,13|11|7|4|1,5,243,42506,-42263
9,12|11|7|3|3,5,102,43430,-43328
9,11|8|6|6|5,5,35,43537,-43502
9,15|10|6|4|1,5,327,43882,-43555
9,15|8|5|4|4,5,105,43818,-43713
9,12|10|8|5|1,5,161,43940,-43779
9,15|8|7|3|3,5,116,44001,-43885
9,14|7|6|6|3,5,75,44237,-44162
9,13|9|8|5|1,5,174,44483,-44309
9,13|10|8|4|1,5,236,44683,-44447
9,12|11|5|5|3,5,77,44843,-44766
9,15|9|7|4|1,5,287,45534,-45247
9,14|10|6|5|1,5,231,45876,-45645
9,10|9|7|5|5,5,31,45691,-45660
9,15|7|7|4|3,5,104,45893,-45789
9,12|8|8|4|4,5,85,46233,-46148
9,10|8|8|6|4,5,52,46437,-46385
9,11|11|7|5|2,5,107,46545,-46438
9,13|7|6|6|4,5,55,46832,-46777
9,10|8|7|6|5,5,30,47667,-47637
9,15|9|5|5|2,5,155,48216,-48061
9,12|8|8|6|2,5,113,48643,-48530
9,12|10|8|3|3,5,92,49328,-49236
9,13|11|6|3|3,5,140,49447,-49307
9,14|8|8|4|2,5,190,50030,-49840
9,12|7|7|6|4,5,36,49961,-49925
9,13|7|7|6|3,5,63,50185,-50122
9,10|10|7|6|3,5,59,50418,-50359
9,14|9|8|3|2,5,215,50723,-50508
9,13|9|8|3|3,5,115,50954,-50839
9,14|8|6|6|2,5,155,51194,-51039
9,16|9|6|3|2,5,304,51641,-51337
9,14|10|5|5|2,5,148,51825,-51677
9,10|10|8|5|3,5,58,51991,-51933
9,14|10|7|4|1,5,318,52623,-52305
9,16|7|6|4|3,5,150,52598,-52448
9,11|11|6|5|3,5,83,52819,-52736
9,11|11|7|4|3,5,94,52944,-52850
9,14|9|7|5|1,5,236,53481,-53245
9,14|8|5|5|4,5,60,53848,-53788
9,16|9|5|4|2,5,276,54330,-54054
9,11|9|6|5|5,5,40,54340,-54300
9,14|11|6|3|2,5,293,54674,-54381
9,13|10|5|4|4,5,112,54719,-54607
9,12|10|5|5|4,5,56,54911,-54855
9,14|11|5|4|2,5,259,55568,-55309
9,12|8|6|5|5,5,35,55618,-55583
9,11|8|7|5|5,5,37,55770,-55733
9,13|10|7|5|1,5,234,56077,-55843
9,13|11|7|3|2,5,247,56105,-55858
9,15|8|5|5|3,5,103,56326,-56223
9,14|9|5|4|4,5,117,56447,-56330
9,10|10|7|5|4,5,48,56623,-56575
9,16|8|5|4|3,5,176,57185,-57009
9,15|9|6|3|3,5,171,57431,-57260
9,12|10|6|6|2,5,150,57501,-57351
9,13|10|8|3|2,5,235,57893,-57658
9,13|8|8|5|2,5,149,60121,-59972
9,15|10|6|3|2,5,340,60555,-60215
9,15|9|7|3|2,5,290,60623,-60333
9,13|7|7|5|4,5,63,60437,-60374
9,11|9|8|4|4,5,69,60959,-60890
9,11|8|8|6|3,5,77,61888,-61811
9,15|10|5|4|2,5,307,62363,-62056
9,14|7|7|5|3,5,104,62221,-62117
9,14|10|6|3|3,5,161,62383,-62222
9,11|10|6|6|3,5,86,62482,-62396
9,13|11|5|4|3,5,167,64761,-64594
9,10|9|8|6|3,5,69,64858,-64789
9,13|9|6|6|2,5,157,65507,-65350
9,14|9|7|3|3,5,171,65582,-65411
9,13|9|5|5|4,5,79,65578,-65499
9,11|8|8|5|4,5,66,65823,-65757
9,11|9|8|6|2,5,111,66274,-66163
9,11|10|7|6|2,5,124,66620,-66496
9,16|8|6|4|2,5,329,66885,-66556
9,12|11|6|5|2,5,178,66850,-66672
9,13|8|8|4|3,5,131,66845,-66714
9,15|7|6|5|3,5,127,66996,-66869
9,13|10|7|3|3,5,161,67602,-67441
9,14|7|6|5|4,5,88,67650,-67562
9,10|9|8|5|4,5,60,67839,-67779
9,11|10|7|4|4,5,93,68357,-68264
9,14|10|7|3|2,5,316,69660,-69344
9,13|10|5|5|3,5,120,71841,-71721
9,13|8|7|6|2,5,155,73552,-73397
9,14|9|5|5|3,5,132,73863,-73731
9,11|10|8|5|2,5,154,73958,-73804
9,12|11|7|4|2,5,228,74142,-73914
9,15|8|7|4|2,5,281,74624,-74343
9,11|9|6|6|4,5,70,75340,-75270
9,14|8|6|4|4,5,163,76257,-76094
9,12|8|6|6|4,5,99,77297,-77198
9,15|8|6|5|2,5,248,77619,-77371
9,15|9|5|4|3,5,219,78002,-77783
9,10|9|7|6|4,5,59,78232,-78173
9,13|8|6|6|3,5,127,79179,-79052
9,13|8|7|4|4,5,122,79407,-79285
9,11|10|8|4|3,5,136,80908,-80772
9,12|10|6|4|4,5,151,81332,-81181
9,13|11|6|4|2,5,303,81812,-81509
9,12|8|8|5|3,5,109,82391,-82282
9,12|11|6|4|3,5,178,82752,-82574
9,14|10|5|4|3,5,225,83337,-83112
9,12|10|8|4|2,5,270,87015,-86745
9,13|9|8|4|2,5,261,88232,-87971
9,11|10|6|5|4,5,96,89144,-89048
9,12|9|6|6|3,5,131,91444,-91313
9,14|8|7|5|2,5,234,92043,-91809
9,12|9|7|6|2,5,174,93356,-93182
9,13|9|6|4|4,5,158,94516,-94358
9,15|9|6|4|2,5,398,94913,-94515
9,11|8|7|6|4,5,82,94726,-94644
9,12|9|8|5|2,5,207,96344,-96137
9,12|9|7|4|4,5,127,97382,-97255
9,15|8|6|4|3,5,256,98499,-98243
9,14|10|6|4|2,5,437,104544,-104107
9,13|10|6|5|2,5,292,106031,-105739
9,14|9|6|5|2,5,306,106155,-105849
9,12|9|8|4|3,5,182,106200,-106018
9,12|8|7|6|3,5,133,107182,-107049
9,14|8|7|4|3,5,228,107423,-107195
9,14|9|7|4|2,5,369,111048,-110679
9,11|9|8|5|3,5,143,111919,-111776
9,12|10|7|5|2,5,257,115435,-115178
9,11|9|7|6|3,5,130,115309,-115179
9,13|10|7|4|2,5,377,115646,-115269
9,13|8|6|5|4,5,143,116345,-116202
9,11|10|7|5|3,5,161,121512,-121351
9,14|8|6|5|3,5,211,122365,-122154
9,12|8|7|5|4,5,123,123961,-123838
9,13|9|7|5|2,5,304,128346,-128042
9,11|9|7|5|4,5,126,130962,-130836
9,13|10|6|4|3,5,295,131754,-131459
9,12|9|6|5|4,5,147,131786,-131639
9,12|10|7|4|3,5,246,131886,-131640
9,14|9|6|4|3,5,312,133052,-132740
9,12|10|6|5|3,5,202,132977,-132775
9,13|8|7|5|3,5,207,138856,-138649
9,13|9|7|4|3,5,284,147788,-147504
9,13|9|6|5|3,5,253,154967,-154714
9,12|9|7|5|3,5,242,172913,-172671
